sample_id,predicted_class_id,predicted_class_name
0,3,cat
1,8,ship
2,8,ship
3,0,airplane
4,6,frog
5,3,cat
6,1,automobile
7,6,frog
8,3,cat
9,1,automobile
10,0,airplane
11,9,truck
12,5,dog
13,7,horse
14,9,truck
15,8,ship
16,5,dog
17,7,horse
18,8,ship
19,6,frog
20,7,horse
21,0,airplane
22,4,deer
23,9,truck
24,5,dog
25,2,bird
26,4,deer
27,0,airplane
28,9,truck
29,6,frog
30,6,frog
31,5,dog
32,4,deer
33,5,dog
34,9,truck
35,2,bird
36,4,deer
37,1,automobile
38,9,truck
39,5,dog
40,4,deer
41,6,frog
42,2,bird
43,6,frog
44,0,airplane
45,9,truck
46,3,cat
47,8,ship
48,7,horse
49,6,frog
50,9,truck
51,8,ship
52,0,airplane
53,3,cat
54,8,ship
55,8,ship
56,7,horse
57,7,horse
58,5,dog
59,4,deer
60,7,horse
61,3,cat
62,6,frog
63,3,cat
64,6,frog
65,2,bird
66,1,automobile
67,2,bird
68,5,dog
69,7,horse
70,2,bird
71,6,frog
72,8,ship
73,8,ship
74,9,truck
75,2,bird
76,9,truck
77,3,cat
78,3,cat
79,8,ship
80,8,ship
81,1,automobile
82,1,automobile
83,7,horse
84,7,horse
85,7,horse
86,2,bird
87,7,horse
88,8,ship
89,9,truck
90,0,airplane
91,3,cat
92,8,ship
93,6,frog
94,4,deer
95,6,frog
96,6,frog
97,0,airplane
98,0,airplane
99,7,horse
100,4,deer
101,5,dog
102,6,frog
103,3,cat
104,1,automobile
105,1,automobile
106,3,cat
107,6,frog
108,8,ship
109,7,horse
110,4,deer
111,0,airplane
112,6,frog
113,2,bird
114,1,automobile
115,3,cat
116,0,airplane
117,4,deer
118,2,bird
119,7,horse
120,8,ship
121,3,cat
122,1,automobile
123,2,bird
124,8,ship
125,8,ship
126,8,ship
127,3,cat
128,3,cat
129,2,bird
130,4,deer
131,1,automobile
132,8,ship
133,9,truck
134,1,automobile
135,2,bird
136,9,truck
137,7,horse
138,2,bird
139,9,truck
140,3,cat
141,3,cat
142,6,frog
143,3,cat
144,8,ship
145,7,horse
146,6,frog
147,2,bird
148,5,dog
149,2,bird
150,8,ship
151,9,truck
152,6,frog
153,0,airplane
154,0,airplane
155,5,dog
156,2,bird
157,9,truck
158,5,dog
159,4,deer
160,2,bird
161,1,automobile
162,5,dog
163,6,frog
164,8,ship
165,7,horse
166,8,ship
167,4,deer
168,5,dog
169,0,airplane
170,9,truck
171,9,truck
172,9,truck
173,8,ship
174,9,truck
175,9,truck
176,3,cat
177,7,horse
178,5,dog
179,0,airplane
180,0,airplane
181,5,dog
182,2,bird
183,2,bird
184,3,cat
185,8,ship
186,6,frog
187,3,cat
188,4,deer
189,0,airplane
190,5,dog
191,8,ship
192,0,airplane
193,1,automobile
194,7,horse
195,2,bird
196,8,ship
197,8,ship
198,7,horse
199,8,ship
200,5,dog
201,1,automobile
202,8,ship
203,7,horse
204,1,automobile
205,3,cat
206,0,airplane
207,5,dog
208,7,horse
209,9,truck
210,7,horse
211,4,deer
212,5,dog
213,9,truck
214,8,ship
215,0,airplane
216,7,horse
217,9,truck
218,8,ship
219,2,bird
220,7,horse
221,6,frog
222,9,truck
223,4,deer
224,3,cat
225,9,truck
226,2,bird
227,4,deer
228,7,horse
229,6,frog
230,5,dog
231,1,automobile
232,5,dog
233,8,ship
234,8,ship
235,0,airplane
236,4,deer
237,8,ship
238,5,dog
239,5,dog
240,1,automobile
241,1,automobile
242,8,ship
243,9,truck
244,0,airplane
245,3,cat
246,1,automobile
247,9,truck
248,2,bird
249,2,bird
250,5,dog
251,3,cat
252,9,truck
253,9,truck
254,7,horse
255,0,airplane
256,3,cat
257,0,airplane
258,0,airplane
259,9,truck
260,8,ship
261,1,automobile
262,5,dog
263,7,horse
264,0,airplane
265,8,ship
266,2,bird
267,4,deer
268,7,horse
269,0,airplane
270,2,bird
271,5,dog
272,6,frog
273,3,cat
274,8,ship
275,3,cat
276,0,airplane
277,3,cat
278,7,horse
279,3,cat
280,9,truck
281,0,airplane
282,6,frog
283,1,automobile
284,0,airplane
285,9,truck
286,1,automobile
287,0,airplane
288,7,horse
289,9,truck
290,1,automobile
291,2,bird
292,6,frog
293,9,truck
294,3,cat
295,3,cat
296,6,frog
297,0,airplane
298,0,airplane
299,6,frog
300,6,frog
301,6,frog
302,7,horse
303,2,bird
304,6,frog
305,1,automobile
306,8,ship
307,2,bird
308,1,automobile
309,6,frog
310,8,ship
311,6,frog
312,8,ship
313,2,bird
314,4,deer
315,0,airplane
316,7,horse
317,7,horse
318,5,dog
319,5,dog
320,3,cat
321,5,dog
322,2,bird
323,3,cat
324,7,horse
325,1,automobile
326,7,horse
327,5,dog
328,4,deer
329,6,frog
330,1,automobile
331,9,truck
332,3,cat
333,6,frog
334,6,frog
335,9,truck
336,3,cat
337,8,ship
338,0,airplane
339,7,horse
340,2,bird
341,6,frog
342,0,airplane
343,5,dog
344,8,ship
345,5,dog
346,7,horse
347,6,frog
348,8,ship
349,9,truck
350,9,truck
351,1,automobile
352,0,airplane
353,2,bird
354,3,cat
355,7,horse
356,3,cat
357,2,bird
358,8,ship
359,0,airplane
360,9,truck
361,5,dog
362,8,ship
363,1,automobile
364,9,truck
365,4,deer
366,1,automobile
367,3,cat
368,8,ship
369,1,automobile
370,0,airplane
371,7,horse
372,9,truck
373,4,deer
374,2,bird
375,7,horse
376,0,airplane
377,7,horse
378,0,airplane
379,6,frog
380,6,frog
381,9,truck
382,0,airplane
383,9,truck
384,2,bird
385,0,airplane
386,7,horse
387,2,bird
388,2,bird
389,5,dog
390,1,automobile
391,2,bird
392,6,frog
393,2,bird
394,9,truck
395,6,frog
396,4,deer
397,3,cat
398,0,airplane
399,3,cat
400,9,truck
401,8,ship
402,7,horse
403,8,ship
404,8,ship
405,4,deer
406,0,airplane
407,1,automobile
408,8,ship
409,2,bird
410,7,horse
411,9,truck
412,3,cat
413,6,frog
414,1,automobile
415,9,truck
416,0,airplane
417,7,horse
418,7,horse
419,7,horse
420,4,deer
421,5,dog
422,0,airplane
423,0,airplane
424,2,bird
425,9,truck
426,3,cat
427,4,deer
428,0,airplane
429,2,bird
430,7,horse
431,5,dog
432,3,cat
433,7,horse
434,3,cat
435,7,horse
436,2,bird
437,5,dog
438,3,cat
439,1,automobile
440,1,automobile
441,4,deer
442,9,truck
443,9,truck
444,5,dog
445,7,horse
446,5,dog
447,0,airplane
448,2,bird
449,2,bird
450,2,bird
451,9,truck
452,7,horse
453,3,cat
454,9,truck
455,4,deer
456,3,cat
457,5,dog
458,4,deer
459,6,frog
460,5,dog
461,3,cat
462,1,automobile
463,4,deer
464,3,cat
465,4,deer
466,4,deer
467,3,cat
468,7,horse
469,8,ship
470,4,deer
471,7,horse
472,8,ship
473,0,airplane
474,3,cat
475,7,horse
476,6,frog
477,0,airplane
478,5,dog
479,4,deer
480,8,ship
481,6,frog
482,8,ship
483,5,dog
484,5,dog
485,9,truck
486,9,truck
487,9,truck
488,5,dog
489,0,airplane
490,1,automobile
491,0,airplane
492,8,ship
493,1,automobile
494,1,automobile
495,8,ship
496,0,airplane
497,2,bird
498,2,bird
499,0,airplane
500,4,deer
501,8,ship
502,5,dog
503,4,deer
504,9,truck
505,4,deer
506,7,horse
507,9,truck
508,9,truck
509,4,deer
510,5,dog
511,6,frog
512,6,frog
513,1,automobile
514,5,dog
515,3,cat
516,8,ship
517,9,truck
518,7,horse
519,8,ship
520,5,dog
521,7,horse
522,0,airplane
523,7,horse
524,0,airplane
525,5,dog
526,0,airplane
527,0,airplane
528,4,deer
529,6,frog
530,9,truck
531,0,airplane
532,9,truck
533,5,dog
534,6,frog
535,6,frog
536,6,frog
537,2,bird
538,9,truck
539,0,airplane
540,1,automobile
541,7,horse
542,6,frog
543,7,horse
544,5,dog
545,9,truck
546,1,automobile
547,3,cat
548,2,bird
549,5,dog
550,5,dog
551,3,cat
552,8,ship
553,5,dog
554,9,truck
555,4,deer
556,6,frog
557,4,deer
558,3,cat
559,2,bird
560,0,airplane
561,7,horse
562,6,frog
563,7,horse
564,2,bird
565,3,cat
566,9,truck
567,7,horse
568,9,truck
569,2,bird
570,6,frog
571,7,horse
572,9,truck
573,3,cat
574,6,frog
575,4,deer
576,8,ship
577,9,truck
578,7,horse
579,5,dog
580,4,deer
581,0,airplane
582,8,ship
583,4,deer
584,0,airplane
585,1,automobile
586,3,cat
587,2,bird
588,8,ship
589,9,truck
590,6,frog
591,9,truck
592,2,bird
593,6,frog
594,1,automobile
595,4,deer
596,7,horse
597,3,cat
598,5,dog
599,3,cat
600,8,ship
601,5,dog
602,0,airplane
603,2,bird
604,1,automobile
605,6,frog
606,4,deer
607,3,cat
608,3,cat
609,9,truck
610,6,frog
611,9,truck
612,8,ship
613,8,ship
614,5,dog
615,8,ship
616,6,frog
617,3,cat
618,2,bird
619,1,automobile
620,7,horse
621,7,horse
622,1,automobile
623,2,bird
624,7,horse
625,9,truck
626,9,truck
627,4,deer
628,4,deer
629,1,automobile
630,2,bird
631,5,dog
632,7,horse
633,8,ship
634,7,horse
635,6,frog
636,8,ship
637,3,cat
638,0,airplane
639,7,horse
640,5,dog
641,2,bird
642,0,airplane
643,7,horse
644,9,truck
645,1,automobile
646,3,cat
647,4,deer
648,4,deer
649,5,dog
650,3,cat
651,9,truck
652,5,dog
653,6,frog
654,9,truck
655,2,bird
656,1,automobile
657,1,automobile
658,7,horse
659,1,automobile
660,9,truck
661,7,horse
662,7,horse
663,4,deer
664,3,cat
665,8,ship
666,9,truck
667,0,airplane
668,9,truck
669,3,cat
670,6,frog
671,3,cat
672,6,frog
673,3,cat
674,2,bird
675,0,airplane
676,3,cat
677,1,automobile
678,0,airplane
679,5,dog
680,9,truck
681,6,frog
682,4,deer
683,8,ship
684,9,truck
685,5,dog
686,9,truck
687,2,bird
688,3,cat
689,0,airplane
690,3,cat
691,2,bird
692,2,bird
693,7,horse
694,8,ship
695,3,cat
696,8,ship
697,2,bird
698,7,horse
699,5,dog
700,7,horse
701,2,bird
702,4,deer
703,8,ship
704,7,horse
705,4,deer
706,2,bird
707,9,truck
708,8,ship
709,8,ship
710,6,frog
711,8,ship
712,8,ship
713,7,horse
714,4,deer
715,3,cat
716,3,cat
717,8,ship
718,4,deer
719,9,truck
720,4,deer
721,8,ship
722,8,ship
723,1,automobile
724,8,ship
725,2,bird
726,1,automobile
727,3,cat
728,5,dog
729,5,dog
730,4,deer
731,2,bird
732,7,horse
733,9,truck
734,9,truck
735,2,bird
736,9,truck
737,4,deer
738,1,automobile
739,7,horse
740,2,bird
741,7,horse
742,0,airplane
743,7,horse
744,9,truck
745,7,horse
746,6,frog
747,6,frog
748,2,bird
749,4,deer
750,9,truck
751,2,bird
752,9,truck
753,1,automobile
754,2,bird
755,4,deer
756,6,frog
757,8,ship
758,2,bird
759,1,automobile
760,3,cat
761,6,frog
762,6,frog
763,0,airplane
764,1,automobile
765,2,bird
766,7,horse
767,0,airplane
768,5,dog
769,4,deer
770,6,frog
771,1,automobile
772,6,frog
773,7,horse
774,0,airplane
775,2,bird
776,2,bird
777,6,frog
778,0,airplane
779,5,dog
780,9,truck
781,1,automobile
782,7,horse
783,6,frog
784,7,horse
785,0,airplane
786,3,cat
787,9,truck
788,6,frog
789,8,ship
790,7,horse
791,0,airplane
792,3,cat
793,7,horse
794,7,horse
795,7,horse
796,1,automobile
797,7,horse
798,7,horse
799,2,bird
800,7,horse
801,1,automobile
802,4,deer
803,7,horse
804,4,deer
805,4,deer
806,8,ship
807,4,deer
808,7,horse
809,7,horse
810,2,bird
811,5,dog
812,7,horse
813,2,bird
814,0,airplane
815,8,ship
816,9,truck
817,5,dog
818,8,ship
819,3,cat
820,6,frog
821,2,bird
822,0,airplane
823,8,ship
824,7,horse
825,3,cat
826,7,horse
827,6,frog
828,5,dog
829,3,cat
830,1,automobile
831,3,cat
832,2,bird
833,2,bird
834,5,dog
835,4,deer
836,1,automobile
837,7,horse
838,9,truck
839,2,bird
840,7,horse
841,0,airplane
842,7,horse
843,2,bird
844,1,automobile
845,3,cat
846,2,bird
847,0,airplane
848,2,bird
849,4,deer
850,7,horse
851,9,truck
852,8,ship
853,9,truck
854,0,airplane
855,7,horse
856,7,horse
857,0,airplane
858,7,horse
859,8,ship
860,7,horse
861,6,frog
862,3,cat
863,3,cat
864,0,airplane
865,1,automobile
866,6,frog
867,7,horse
868,0,airplane
869,1,automobile
870,3,cat
871,1,automobile
872,4,deer
873,2,bird
874,3,cat
875,8,ship
876,4,deer
877,2,bird
878,3,cat
879,7,horse
880,8,ship
881,4,deer
882,3,cat
883,0,airplane
884,9,truck
885,0,airplane
886,0,airplane
887,1,automobile
888,0,airplane
889,4,deer
890,4,deer
891,6,frog
892,7,horse
893,6,frog
894,1,automobile
895,1,automobile
896,3,cat
897,7,horse
898,3,cat
899,5,dog
900,2,bird
901,6,frog
902,6,frog
903,5,dog
904,8,ship
905,7,horse
906,1,automobile
907,6,frog
908,8,ship
909,8,ship
910,3,cat
911,3,cat
912,2,bird
913,4,deer
914,0,airplane
915,1,automobile
916,5,dog
917,8,ship
918,8,ship
919,0,airplane
920,6,frog
921,9,truck
922,9,truck
923,9,truck
924,5,dog
925,3,cat
926,8,ship
927,6,frog
928,0,airplane
929,0,airplane
930,4,deer
931,2,bird
932,3,cat
933,2,bird
934,7,horse
935,2,bird
936,2,bird
937,5,dog
938,9,truck
939,8,ship
940,9,truck
941,1,automobile
942,7,horse
943,6,frog
944,0,airplane
945,3,cat
946,0,airplane
947,1,automobile
948,3,cat
949,8,ship
950,3,cat
951,9,truck
952,6,frog
953,1,automobile
954,7,horse
955,7,horse
956,0,airplane
957,3,cat
958,7,horse
959,8,ship
960,9,truck
961,1,automobile
962,1,automobile
963,6,frog
964,6,frog
965,6,frog
966,3,cat
967,9,truck
968,1,automobile
969,9,truck
970,9,truck
971,4,deer
972,2,bird
973,1,automobile
974,7,horse
975,0,airplane
976,6,frog
977,8,ship
978,1,automobile
979,9,truck
980,2,bird
981,9,truck
982,0,airplane
983,4,deer
984,7,horse
985,8,ship
986,3,cat
987,1,automobile
988,2,bird
989,0,airplane
990,1,automobile
991,5,dog
992,8,ship
993,4,deer
994,6,frog
995,3,cat
996,8,ship
997,9,truck
998,3,cat
999,8,ship
1000,5,dog
1001,0,airplane
1002,8,ship
1003,7,horse
1004,8,ship
1005,1,automobile
1006,9,truck
1007,0,airplane
1008,9,truck
1009,6,frog
1010,0,airplane
1011,8,ship
1012,6,frog
1013,1,automobile
1014,3,cat
1015,4,deer
1016,1,automobile
1017,6,frog
1018,0,airplane
1019,5,dog
1020,1,automobile
1021,1,automobile
1022,0,airplane
1023,0,airplane
1024,3,cat
1025,3,cat
1026,0,airplane
1027,0,airplane
1028,6,frog
1029,6,frog
1030,3,cat
1031,3,cat
1032,6,frog
1033,3,cat
1034,3,cat
1035,6,frog
1036,0,airplane
1037,7,horse
1038,2,bird
1039,2,bird
1040,2,bird
1041,5,dog
1042,5,dog
1043,7,horse
1044,8,ship
1045,5,dog
1046,2,bird
1047,1,automobile
1048,1,automobile
1049,4,deer
1050,3,cat
1051,2,bird
1052,0,airplane
1053,3,cat
1054,1,automobile
1055,5,dog
1056,5,dog
1057,7,horse
1058,6,frog
1059,8,ship
1060,9,truck
1061,1,automobile
1062,6,frog
1063,4,deer
1064,9,truck
1065,3,cat
1066,9,truck
1067,0,airplane
1068,9,truck
1069,6,frog
1070,3,cat
1071,6,frog
1072,0,airplane
1073,7,horse
1074,5,dog
1075,8,ship
1076,0,airplane
1077,0,airplane
1078,0,airplane
1079,6,frog
1080,6,frog
1081,6,frog
1082,9,truck
1083,2,bird
1084,5,dog
1085,4,deer
1086,4,deer
1087,6,frog
1088,3,cat
1089,6,frog
1090,8,ship
1091,8,ship
1092,6,frog
1093,0,airplane
1094,6,frog
1095,2,bird
1096,7,horse
1097,5,dog
1098,1,automobile
1099,2,bird
1100,7,horse
1101,8,ship
1102,8,ship
1103,0,airplane
1104,9,truck
1105,4,deer
1106,9,truck
1107,7,horse
1108,2,bird
1109,0,airplane
1110,2,bird
1111,8,ship
1112,3,cat
1113,8,ship
1114,9,truck
1115,1,automobile
1116,5,dog
1117,5,dog
1118,7,horse
1119,7,horse
1120,5,dog
1121,3,cat
1122,8,ship
1123,3,cat
1124,3,cat
1125,6,frog
1126,2,bird
1127,8,ship
1128,4,deer
1129,3,cat
1130,7,horse
1131,1,automobile
1132,2,bird
1133,4,deer
1134,1,automobile
1135,6,frog
1136,9,truck
1137,0,airplane
1138,5,dog
1139,8,ship
1140,6,frog
1141,1,automobile
1142,8,ship
1143,6,frog
1144,1,automobile
1145,4,deer
1146,2,bird
1147,6,frog
1148,2,bird
1149,7,horse
1150,2,bird
1151,2,bird
1152,0,airplane
1153,8,ship
1154,6,frog
1155,9,truck
1156,1,automobile
1157,7,horse
1158,9,truck
1159,8,ship
1160,8,ship
1161,0,airplane
1162,7,horse
1163,3,cat
1164,8,ship
1165,2,bird
1166,3,cat
1167,7,horse
1168,3,cat
1169,7,horse
1170,7,horse
1171,9,truck
1172,2,bird
1173,3,cat
1174,1,automobile
1175,9,truck
1176,1,automobile
1177,9,truck
1178,6,frog
1179,3,cat
1180,5,dog
1181,3,cat
1182,1,automobile
1183,0,airplane
1184,6,frog
1185,1,automobile
1186,4,deer
1187,1,automobile
1188,0,airplane
1189,0,airplane
1190,1,automobile
1191,9,truck
1192,6,frog
1193,7,horse
1194,4,deer
1195,6,frog
1196,2,bird
1197,0,airplane
1198,7,horse
1199,9,truck
1200,8,ship
1201,7,horse
1202,2,bird
1203,0,airplane
1204,6,frog
1205,8,ship
1206,1,automobile
1207,4,deer
1208,3,cat
1209,7,horse
1210,0,airplane
1211,2,bird
1212,1,automobile
1213,8,ship
1214,5,dog
1215,7,horse
1216,8,ship
1217,4,deer
1218,8,ship
1219,3,cat
1220,9,truck
1221,9,truck
1222,9,truck
1223,8,ship
1224,7,horse
1225,6,frog
1226,6,frog
1227,5,dog
1228,5,dog
1229,1,automobile
1230,5,dog
1231,9,truck
1232,1,automobile
1233,4,deer
1234,1,automobile
1235,5,dog
1236,5,dog
1237,0,airplane
1238,1,automobile
1239,5,dog
1240,2,bird
1241,0,airplane
1242,8,ship
1243,8,ship
1244,5,dog
1245,6,frog
1246,7,horse
1247,5,dog
1248,2,bird
1249,4,deer
1250,7,horse
1251,2,bird
1252,5,dog
1253,8,ship
1254,2,bird
1255,7,horse
1256,9,truck
1257,2,bird
1258,1,automobile
1259,8,ship
1260,1,automobile
1261,9,truck
1262,8,ship
1263,8,ship
1264,8,ship
1265,9,truck
1266,0,airplane
1267,4,deer
1268,3,cat
1269,3,cat
1270,1,automobile
1271,8,ship
1272,7,horse
1273,6,frog
1274,3,cat
1275,3,cat
1276,5,dog
1277,2,bird
1278,2,bird
1279,8,ship
1280,3,cat
1281,8,ship
1282,9,truck
1283,5,dog
1284,1,automobile
1285,9,truck
1286,8,ship
1287,9,truck
1288,1,automobile
1289,6,frog
1290,5,dog
1291,9,truck
1292,7,horse
1293,4,deer
1294,8,ship
1295,0,airplane
1296,7,horse
1297,2,bird
1298,9,truck
1299,7,horse
1300,4,deer
1301,1,automobile
1302,5,dog
1303,4,deer
1304,4,deer
1305,9,truck
1306,1,automobile
1307,2,bird
1308,5,dog
1309,6,frog
1310,0,airplane
1311,8,ship
1312,6,frog
1313,1,automobile
1314,9,truck
1315,4,deer
1316,5,dog
1317,9,truck
1318,5,dog
1319,2,bird
1320,7,horse
1321,2,bird
1322,0,airplane
1323,0,airplane
1324,4,deer
1325,4,deer
1326,6,frog
1327,6,frog
1328,5,dog
1329,5,dog
1330,2,bird
1331,8,ship
1332,1,automobile
1333,7,horse
1334,3,cat
1335,1,automobile
1336,4,deer
1337,3,cat
1338,6,frog
1339,5,dog
1340,1,automobile
1341,4,deer
1342,7,horse
1343,0,airplane
1344,1,automobile
1345,4,deer
1346,3,cat
1347,8,ship
1348,2,bird
1349,8,ship
1350,4,deer
1351,7,horse
1352,2,bird
1353,3,cat
1354,1,automobile
1355,7,horse
1356,2,bird
1357,9,truck
1358,8,ship
1359,9,truck
1360,7,horse
1361,9,truck
1362,5,dog
1363,1,automobile
1364,4,deer
1365,0,airplane
1366,8,ship
1367,2,bird
1368,5,dog
1369,8,ship
1370,9,truck
1371,1,automobile
1372,1,automobile
1373,3,cat
1374,0,airplane
1375,4,deer
1376,9,truck
1377,3,cat
1378,1,automobile
1379,7,horse
1380,4,deer
1381,6,frog
1382,2,bird
1383,8,ship
1384,9,truck
1385,3,cat
1386,3,cat
1387,9,truck
1388,5,dog
1389,5,dog
1390,6,frog
1391,7,horse
1392,5,dog
1393,4,deer
1394,5,dog
1395,6,frog
1396,1,automobile
1397,2,bird
1398,7,horse
1399,2,bird
1400,5,dog
1401,4,deer
1402,7,horse
1403,6,frog
1404,1,automobile
1405,1,automobile
1406,9,truck
1407,0,airplane
1408,1,automobile
1409,0,airplane
1410,1,automobile
1411,3,cat
1412,1,automobile
1413,1,automobile
1414,1,automobile
1415,7,horse
1416,3,cat
1417,9,truck
1418,6,frog
1419,8,ship
1420,4,deer
1421,6,frog
1422,8,ship
1423,7,horse
1424,9,truck
1425,4,deer
1426,7,horse
1427,9,truck
1428,7,horse
1429,6,frog
1430,8,ship
1431,4,deer
1432,9,truck
1433,7,horse
1434,0,airplane
1435,1,automobile
1436,6,frog
1437,1,automobile
1438,5,dog
1439,9,truck
1440,2,bird
1441,4,deer
1442,5,dog
1443,7,horse
1444,1,automobile
1445,3,cat
1446,0,airplane
1447,8,ship
1448,4,deer
1449,6,frog
1450,2,bird
1451,2,bird
1452,3,cat
1453,5,dog
1454,3,cat
1455,6,frog
1456,2,bird
1457,1,automobile
1458,1,automobile
1459,8,ship
1460,6,frog
1461,0,airplane
1462,2,bird
1463,0,airplane
1464,1,automobile
1465,9,truck
1466,7,horse
1467,1,automobile
1468,3,cat
1469,7,horse
1470,7,horse
1471,8,ship
1472,7,horse
1473,7,horse
1474,7,horse
1475,9,truck
1476,7,horse
1477,7,horse
1478,7,horse
1479,2,bird
1480,1,automobile
1481,2,bird
1482,8,ship
1483,6,frog
1484,4,deer
1485,0,airplane
1486,7,horse
1487,9,truck
1488,8,ship
1489,6,frog
1490,8,ship
1491,4,deer
1492,1,automobile
1493,1,automobile
1494,7,horse
1495,2,bird
1496,2,bird
1497,8,ship
1498,5,dog
1499,8,ship
1500,1,automobile
1501,2,bird
1502,2,bird
1503,4,deer
1504,1,automobile
1505,2,bird
1506,7,horse
1507,2,bird
1508,8,ship
1509,1,automobile
1510,8,ship
1511,1,automobile
1512,8,ship
1513,4,deer
1514,0,airplane
1515,2,bird
1516,4,deer
1517,1,automobile
1518,3,cat
1519,6,frog
1520,7,horse
1521,7,horse
1522,4,deer
1523,4,deer
1524,3,cat
1525,3,cat
1526,4,deer
1527,5,dog
1528,2,bird
1529,4,deer
1530,3,cat
1531,7,horse
1532,8,ship
1533,4,deer
1534,4,deer
1535,4,deer
1536,5,dog
1537,4,deer
1538,3,cat
1539,2,bird
1540,8,ship
1541,4,deer
1542,5,dog
1543,5,dog
1544,4,deer
1545,9,truck
1546,4,deer
1547,2,bird
1548,6,frog
1549,1,automobile
1550,6,frog
1551,4,deer
1552,3,cat
1553,4,deer
1554,4,deer
1555,0,airplane
1556,8,ship
1557,8,ship
1558,4,deer
1559,5,dog
1560,7,horse
1561,5,dog
1562,6,frog
1563,9,truck
1564,1,automobile
1565,6,frog
1566,7,horse
1567,2,bird
1568,0,airplane
1569,1,automobile
1570,4,deer
1571,5,dog
1572,1,automobile
1573,0,airplane
1574,0,airplane
1575,2,bird
1576,7,horse
1577,5,dog
1578,6,frog
1579,0,airplane
1580,2,bird
1581,2,bird
1582,9,truck
1583,1,automobile
1584,7,horse
1585,7,horse
1586,5,dog
1587,2,bird
1588,5,dog
1589,6,frog
1590,4,deer
1591,1,automobile
1592,4,deer
1593,3,cat
1594,3,cat
1595,3,cat
1596,0,airplane
1597,3,cat
1598,5,dog
1599,5,dog
1600,9,truck
1601,9,truck
1602,7,horse
1603,3,cat
1604,1,automobile
1605,3,cat
1606,3,cat
1607,3,cat
1608,4,deer
1609,4,deer
1610,2,bird
1611,3,cat
1612,3,cat
1613,8,ship
1614,1,automobile
1615,7,horse
1616,7,horse
1617,0,airplane
1618,7,horse
1619,4,deer
1620,5,dog
1621,1,automobile
1622,2,bird
1623,7,horse
1624,4,deer
1625,3,cat
1626,9,truck
1627,9,truck
1628,7,horse
1629,9,truck
1630,9,truck
1631,1,automobile
1632,8,ship
1633,1,automobile
1634,6,frog
1635,7,horse
1636,5,dog
1637,5,dog
1638,4,deer
1639,9,truck
1640,7,horse
1641,6,frog
1642,5,dog
1643,9,truck
1644,3,cat
1645,4,deer
1646,0,airplane
1647,7,horse
1648,8,ship
1649,5,dog
1650,5,dog
1651,2,bird
1652,0,airplane
1653,9,truck
1654,9,truck
1655,8,ship
1656,2,bird
1657,5,dog
1658,4,deer
1659,8,ship
1660,3,cat
1661,6,frog
1662,3,cat
1663,6,frog
1664,0,airplane
1665,6,frog
1666,6,frog
1667,6,frog
1668,9,truck
1669,6,frog
1670,6,frog
1671,8,ship
1672,6,frog
1673,2,bird
1674,4,deer
1675,5,dog
1676,8,ship
1677,1,automobile
1678,2,bird
1679,7,horse
1680,6,frog
1681,5,dog
1682,7,horse
1683,8,ship
1684,1,automobile
1685,0,airplane
1686,0,airplane
1687,8,ship
1688,6,frog
1689,9,truck
1690,2,bird
1691,8,ship
1692,9,truck
1693,4,deer
1694,0,airplane
1695,9,truck
1696,4,deer
1697,9,truck
1698,5,dog
1699,7,horse
1700,5,dog
1701,5,dog
1702,9,truck
1703,5,dog
1704,3,cat
1705,0,airplane
1706,1,automobile
1707,9,truck
1708,7,horse
1709,2,bird
1710,4,deer
1711,1,automobile
1712,0,airplane
1713,8,ship
1714,0,airplane
1715,3,cat
1716,1,automobile
1717,7,horse
1718,0,airplane
1719,0,airplane
1720,4,deer
1721,8,ship
1722,6,frog
1723,2,bird
1724,4,deer
1725,0,airplane
1726,0,airplane
1727,9,truck
1728,0,airplane
1729,8,ship
1730,4,deer
1731,3,cat
1732,1,automobile
1733,5,dog
1734,9,truck
1735,0,airplane
1736,5,dog
1737,6,frog
1738,5,dog
1739,0,airplane
1740,1,automobile
1741,4,deer
1742,8,ship
1743,1,automobile
1744,0,airplane
1745,5,dog
1746,2,bird
1747,1,automobile
1748,0,airplane
1749,2,bird
1750,8,ship
1751,1,automobile
1752,5,dog
1753,6,frog
1754,7,horse
1755,7,horse
1756,2,bird
1757,6,frog
1758,2,bird
1759,3,cat
1760,0,airplane
1761,1,automobile
1762,4,deer
1763,2,bird
1764,5,dog
1765,4,deer
1766,6,frog
1767,2,bird
1768,2,bird
1769,1,automobile
1770,7,horse
1771,2,bird
1772,8,ship
1773,5,dog
1774,5,dog
1775,3,cat
1776,0,airplane
1777,4,deer
1778,8,ship
1779,3,cat
1780,7,horse
1781,6,frog
1782,3,cat
1783,8,ship
1784,1,automobile
1785,0,airplane
1786,9,truck
1787,3,cat
1788,3,cat
1789,0,airplane
1790,7,horse
1791,7,horse
1792,9,truck
1793,5,dog
1794,3,cat
1795,6,frog
1796,0,airplane
1797,1,automobile
1798,7,horse
1799,7,horse
1800,8,ship
1801,4,deer
1802,2,bird
1803,2,bird
1804,3,cat
1805,8,ship
1806,1,automobile
1807,5,dog
1808,9,truck
1809,8,ship
1810,1,automobile
1811,1,automobile
1812,5,dog
1813,3,cat
1814,1,automobile
1815,9,truck
1816,2,bird
1817,6,frog
1818,5,dog
1819,0,airplane
1820,8,ship
1821,4,deer
1822,7,horse
1823,0,airplane
1824,9,truck
1825,2,bird
1826,8,ship
1827,4,deer
1828,7,horse
1829,1,automobile
1830,3,cat
1831,9,truck
1832,2,bird
1833,8,ship
1834,9,truck
1835,0,airplane
1836,4,deer
1837,1,automobile
1838,6,frog
1839,7,horse
1840,8,ship
1841,9,truck
1842,7,horse
1843,8,ship
1844,9,truck
1845,7,horse
1846,2,bird
1847,5,dog
1848,3,cat
1849,7,horse
1850,1,automobile
1851,0,airplane
1852,2,bird
1853,9,truck
1854,5,dog
1855,3,cat
1856,8,ship
1857,5,dog
1858,4,deer
1859,2,bird
1860,8,ship
1861,3,cat
1862,5,dog
1863,5,dog
1864,7,horse
1865,7,horse
1866,8,ship
1867,6,frog
1868,2,bird
1869,8,ship
1870,2,bird
1871,3,cat
1872,5,dog
1873,6,frog
1874,8,ship
1875,0,airplane
1876,2,bird
1877,3,cat
1878,7,horse
1879,0,airplane
1880,1,automobile
1881,9,truck
1882,1,automobile
1883,3,cat
1884,7,horse
1885,5,dog
1886,8,ship
1887,3,cat
1888,2,bird
1889,9,truck
1890,6,frog
1891,8,ship
1892,6,frog
1893,9,truck
1894,3,cat
1895,8,ship
1896,9,truck
1897,8,ship
1898,0,airplane
1899,7,horse
1900,8,ship
1901,5,dog
1902,0,airplane
1903,0,airplane
1904,1,automobile
1905,3,cat
1906,9,truck
1907,1,automobile
1908,3,cat
1909,3,cat
1910,4,deer
1911,4,deer
1912,0,airplane
1913,9,truck
1914,9,truck
1915,9,truck
1916,9,truck
1917,8,ship
1918,2,bird
1919,4,deer
1920,2,bird
1921,2,bird
1922,5,dog
1923,1,automobile
1924,9,truck
1925,1,automobile
1926,0,airplane
1927,9,truck
1928,4,deer
1929,2,bird
1930,1,automobile
1931,6,frog
1932,0,airplane
1933,3,cat
1934,7,horse
1935,2,bird
1936,3,cat
1937,1,automobile
1938,8,ship
1939,6,frog
1940,5,dog
1941,7,horse
1942,2,bird
1943,8,ship
1944,7,horse
1945,4,deer
1946,8,ship
1947,3,cat
1948,5,dog
1949,0,airplane
1950,5,dog
1951,7,horse
1952,4,deer
1953,4,deer
1954,4,deer
1955,2,bird
1956,7,horse
1957,3,cat
1958,6,frog
1959,0,airplane
1960,2,bird
1961,7,horse
1962,6,frog
1963,2,bird
1964,5,dog
1965,0,airplane
1966,7,horse
1967,7,horse
1968,8,ship
1969,1,automobile
1970,1,automobile
1971,7,horse
1972,6,frog
1973,0,airplane
1974,6,frog
1975,6,frog
1976,5,dog
1977,5,dog
1978,6,frog
1979,3,cat
1980,9,truck
1981,3,cat
1982,6,frog
1983,8,ship
1984,7,horse
1985,6,frog
1986,4,deer
1987,9,truck
1988,5,dog
1989,6,frog
1990,4,deer
1991,1,automobile
1992,6,frog
1993,5,dog
1994,8,ship
1995,2,bird
1996,3,cat
1997,9,truck
1998,8,ship
1999,5,dog
2000,1,automobile
2001,5,dog
2002,7,horse
2003,5,dog
2004,7,horse
2005,5,dog
2006,7,horse
2007,8,ship
2008,9,truck
2009,1,automobile
2010,7,horse
2011,2,bird
2012,5,dog
2013,6,frog
2014,8,ship
2015,4,deer
2016,6,frog
2017,5,dog
2018,1,automobile
2019,1,automobile
2020,9,truck
2021,8,ship
2022,5,dog
2023,5,dog
2024,6,frog
2025,4,deer
2026,5,dog
2027,9,truck
2028,7,horse
2029,3,cat
2030,4,deer
2031,1,automobile
2032,4,deer
2033,4,deer
2034,3,cat
2035,6,frog
2036,5,dog
2037,5,dog
2038,2,bird
2039,8,ship
2040,0,airplane
2041,0,airplane
2042,1,automobile
2043,8,ship
2044,3,cat
2045,1,automobile
2046,3,cat
2047,5,dog
2048,8,ship
2049,3,cat
2050,8,ship
2051,5,dog
2052,8,ship
2053,6,frog
2054,3,cat
2055,5,dog
2056,5,dog
2057,5,dog
2058,0,airplane
2059,9,truck
2060,3,cat
2061,5,dog
2062,7,horse
2063,1,automobile
2064,8,ship
2065,7,horse
2066,7,horse
2067,7,horse
2068,3,cat
2069,4,deer
2070,2,bird
2071,9,truck
2072,6,frog
2073,2,bird
2074,2,bird
2075,4,deer
2076,3,cat
2077,0,airplane
2078,4,deer
2079,2,bird
2080,1,automobile
2081,3,cat
2082,2,bird
2083,2,bird
2084,7,horse
2085,0,airplane
2086,1,automobile
2087,0,airplane
2088,7,horse
2089,7,horse
2090,2,bird
2091,0,airplane
2092,1,automobile
2093,6,frog
2094,5,dog
2095,0,airplane
2096,2,bird
2097,2,bird
2098,0,airplane
2099,1,automobile
2100,2,bird
2101,6,frog
2102,0,airplane
2103,8,ship
2104,6,frog
2105,6,frog
2106,5,dog
2107,3,cat
2108,7,horse
2109,0,airplane
2110,0,airplane
2111,9,truck
2112,9,truck
2113,0,airplane
2114,2,bird
2115,5,dog
2116,9,truck
2117,7,horse
2118,8,ship
2119,6,frog
2120,4,deer
2121,6,frog
2122,0,airplane
2123,2,bird
2124,0,airplane
2125,1,automobile
2126,9,truck
2127,2,bird
2128,6,frog
2129,9,truck
2130,0,airplane
2131,7,horse
2132,2,bird
2133,3,cat
2134,4,deer
2135,8,ship
2136,1,automobile
2137,2,bird
2138,6,frog
2139,8,ship
2140,9,truck
2141,7,horse
2142,9,truck
2143,9,truck
2144,3,cat
2145,7,horse
2146,2,bird
2147,7,horse
2148,9,truck
2149,6,frog
2150,9,truck
2151,5,dog
2152,7,horse
2153,8,ship
2154,5,dog
2155,9,truck
2156,8,ship
2157,3,cat
2158,9,truck
2159,8,ship
2160,0,airplane
2161,5,dog
2162,3,cat
2163,7,horse
2164,1,automobile
2165,2,bird
2166,0,airplane
2167,7,horse
2168,5,dog
2169,8,ship
2170,2,bird
2171,2,bird
2172,5,dog
2173,3,cat
2174,9,truck
2175,5,dog
2176,1,automobile
2177,1,automobile
2178,3,cat
2179,1,automobile
2180,4,deer
2181,3,cat
2182,4,deer
2183,4,deer
2184,9,truck
2185,0,airplane
2186,9,truck
2187,3,cat
2188,9,truck
2189,2,bird
2190,9,truck
2191,7,horse
2192,0,airplane
2193,2,bird
2194,8,ship
2195,4,deer
2196,8,ship
2197,6,frog
2198,8,ship
2199,2,bird
2200,0,airplane
2201,5,dog
2202,9,truck
2203,6,frog
2204,9,truck
2205,5,dog
2206,1,automobile
2207,3,cat
2208,4,deer
2209,4,deer
2210,2,bird
2211,7,horse
2212,2,bird
2213,4,deer
2214,4,deer
2215,0,airplane
2216,2,bird
2217,8,ship
2218,4,deer
2219,5,dog
2220,1,automobile
2221,2,bird
2222,4,deer
2223,8,ship
2224,9,truck
2225,7,horse
2226,2,bird
2227,8,ship
2228,7,horse
2229,4,deer
2230,3,cat
2231,3,cat
2232,2,bird
2233,3,cat
2234,7,horse
2235,2,bird
2236,5,dog
2237,6,frog
2238,1,automobile
2239,7,horse
2240,9,truck
2241,0,airplane
2242,2,bird
2243,3,cat
2244,9,truck
2245,8,ship
2246,9,truck
2247,5,dog
2248,8,ship
2249,0,airplane
2250,7,horse
2251,6,frog
2252,3,cat
2253,3,cat
2254,8,ship
2255,1,automobile
2256,7,horse
2257,0,airplane
2258,1,automobile
2259,5,dog
2260,4,deer
2261,3,cat
2262,4,deer
2263,6,frog
2264,0,airplane
2265,8,ship
2266,8,ship
2267,6,frog
2268,3,cat
2269,3,cat
2270,2,bird
2271,8,ship
2272,7,horse
2273,5,dog
2274,1,automobile
2275,4,deer
2276,0,airplane
2277,5,dog
2278,9,truck
2279,9,truck
2280,4,deer
2281,5,dog
2282,9,truck
2283,4,deer
2284,8,ship
2285,3,cat
2286,3,cat
2287,2,bird
2288,5,dog
2289,1,automobile
2290,9,truck
2291,5,dog
2292,5,dog
2293,8,ship
2294,1,automobile
2295,8,ship
2296,9,truck
2297,7,horse
2298,0,airplane
2299,3,cat
2300,3,cat
2301,2,bird
2302,0,airplane
2303,2,bird
2304,6,frog
2305,9,truck
2306,5,dog
2307,9,truck
2308,1,automobile
2309,6,frog
2310,7,horse
2311,7,horse
2312,2,bird
2313,6,frog
2314,3,cat
2315,2,bird
2316,5,dog
2317,5,dog
2318,2,bird
2319,7,horse
2320,5,dog
2321,2,bird
2322,2,bird
2323,8,ship
2324,0,airplane
2325,7,horse
2326,7,horse
2327,1,automobile
2328,7,horse
2329,4,deer
2330,0,airplane
2331,4,deer
2332,2,bird
2333,6,frog
2334,1,automobile
2335,5,dog
2336,9,truck
2337,7,horse
2338,6,frog
2339,2,bird
2340,7,horse
2341,0,airplane
2342,5,dog
2343,2,bird
2344,0,airplane
2345,1,automobile
2346,1,automobile
2347,8,ship
2348,2,bird
2349,5,dog
2350,5,dog
2351,1,automobile
2352,2,bird
2353,4,deer
2354,8,ship
2355,9,truck
2356,8,ship
2357,1,automobile
2358,7,horse
2359,2,bird
2360,7,horse
2361,2,bird
2362,3,cat
2363,2,bird
2364,6,frog
2365,7,horse
2366,9,truck
2367,4,deer
2368,0,airplane
2369,1,automobile
2370,0,airplane
2371,4,deer
2372,3,cat
2373,0,airplane
2374,8,ship
2375,0,airplane
2376,7,horse
2377,6,frog
2378,1,automobile
2379,0,airplane
2380,8,ship
2381,5,dog
2382,9,truck
2383,2,bird
2384,5,dog
2385,4,deer
2386,5,dog
2387,9,truck
2388,0,airplane
2389,6,frog
2390,1,automobile
2391,2,bird
2392,5,dog
2393,1,automobile
2394,6,frog
2395,7,horse
2396,1,automobile
2397,5,dog
2398,8,ship
2399,8,ship
2400,0,airplane
2401,3,cat
2402,9,truck
2403,4,deer
2404,0,airplane
2405,6,frog
2406,4,deer
2407,9,truck
2408,2,bird
2409,4,deer
2410,3,cat
2411,0,airplane
2412,6,frog
2413,2,bird
2414,5,dog
2415,3,cat
2416,6,frog
2417,7,horse
2418,8,ship
2419,4,deer
2420,8,ship
2421,8,ship
2422,3,cat
2423,3,cat
2424,8,ship
2425,0,airplane
2426,2,bird
2427,5,dog
2428,3,cat
2429,8,ship
2430,7,horse
2431,8,ship
2432,9,truck
2433,9,truck
2434,0,airplane
2435,6,frog
2436,6,frog
2437,8,ship
2438,1,automobile
2439,1,automobile
2440,7,horse
2441,4,deer
2442,4,deer
2443,2,bird
2444,3,cat
2445,6,frog
2446,9,truck
2447,6,frog
2448,2,bird
2449,4,deer
2450,1,automobile
2451,8,ship
2452,2,bird
2453,3,cat
2454,1,automobile
2455,2,bird
2456,8,ship
2457,6,frog
2458,8,ship
2459,5,dog
2460,9,truck
2461,2,bird
2462,1,automobile
2463,0,airplane
2464,2,bird
2465,9,truck
2466,2,bird
2467,9,truck
2468,0,airplane
2469,9,truck
2470,7,horse
2471,8,ship
2472,5,dog
2473,0,airplane
2474,6,frog
2475,6,frog
2476,8,ship
2477,1,automobile
2478,4,deer
2479,5,dog
2480,8,ship
2481,7,horse
2482,1,automobile
2483,2,bird
2484,1,automobile
2485,6,frog
2486,7,horse
2487,5,dog
2488,3,cat
2489,3,cat
2490,0,airplane
2491,9,truck
2492,8,ship
2493,9,truck
2494,4,deer
2495,1,automobile
2496,9,truck
2497,9,truck
2498,3,cat
2499,6,frog
2500,4,deer
2501,4,deer
2502,8,ship
2503,8,ship
2504,1,automobile
2505,7,horse
2506,3,cat
2507,2,bird
2508,6,frog
2509,2,bird
2510,4,deer
2511,1,automobile
2512,2,bird
2513,2,bird
2514,9,truck
2515,4,deer
2516,2,bird
2517,9,truck
2518,7,horse
2519,4,deer
2520,1,automobile
2521,8,ship
2522,1,automobile
2523,4,deer
2524,3,cat
2525,5,dog
2526,3,cat
2527,8,ship
2528,9,truck
2529,3,cat
2530,2,bird
2531,2,bird
2532,1,automobile
2533,5,dog
2534,9,truck
2535,0,airplane
2536,5,dog
2537,1,automobile
2538,5,dog
2539,8,ship
2540,2,bird
2541,1,automobile
2542,2,bird
2543,3,cat
2544,2,bird
2545,4,deer
2546,8,ship
2547,4,deer
2548,0,airplane
2549,6,frog
2550,4,deer
2551,6,frog
2552,9,truck
2553,8,ship
2554,4,deer
2555,7,horse
2556,6,frog
2557,2,bird
2558,4,deer
2559,7,horse
2560,7,horse
2561,6,frog
2562,4,deer
2563,2,bird
2564,2,bird
2565,3,cat
2566,2,bird
2567,4,deer
2568,9,truck
2569,0,airplane
2570,2,bird
2571,9,truck
2572,6,frog
2573,5,dog
2574,8,ship
2575,5,dog
2576,2,bird
2577,4,deer
2578,8,ship
2579,8,ship
2580,3,cat
2581,4,deer
2582,5,dog
2583,7,horse
2584,6,frog
2585,3,cat
2586,7,horse
2587,0,airplane
2588,4,deer
2589,0,airplane
2590,5,dog
2591,8,ship
2592,7,horse
2593,8,ship
2594,9,truck
2595,4,deer
2596,9,truck
2597,7,horse
2598,3,cat
2599,6,frog
2600,8,ship
2601,1,automobile
2602,6,frog
2603,0,airplane
2604,8,ship
2605,7,horse
2606,3,cat
2607,1,automobile
2608,4,deer
2609,5,dog
2610,2,bird
2611,4,deer
2612,3,cat
2613,6,frog
2614,0,airplane
2615,7,horse
2616,1,automobile
2617,3,cat
2618,5,dog
2619,7,horse
2620,1,automobile
2621,8,ship
2622,2,bird
2623,4,deer
2624,0,airplane
2625,2,bird
2626,7,horse
2627,7,horse
2628,0,airplane
2629,2,bird
2630,2,bird
2631,4,deer
2632,3,cat
2633,3,cat
2634,1,automobile
2635,3,cat
2636,1,automobile
2637,6,frog
2638,4,deer
2639,6,frog
2640,7,horse
2641,4,deer
2642,7,horse
2643,3,cat
2644,8,ship
2645,1,automobile
2646,3,cat
2647,1,automobile
2648,7,horse
2649,6,frog
2650,5,dog
2651,5,dog
2652,7,horse
2653,4,deer
2654,5,dog
2655,4,deer
2656,9,truck
2657,7,horse
2658,7,horse
2659,2,bird
2660,3,cat
2661,3,cat
2662,6,frog
2663,7,horse
2664,4,deer
2665,1,automobile
2666,6,frog
2667,1,automobile
2668,0,airplane
2669,6,frog
2670,1,automobile
2671,3,cat
2672,0,airplane
2673,2,bird
2674,0,airplane
2675,2,bird
2676,7,horse
2677,7,horse
2678,0,airplane
2679,0,airplane
2680,0,airplane
2681,0,airplane
2682,7,horse
2683,5,dog
2684,3,cat
2685,2,bird
2686,7,horse
2687,8,ship
2688,5,dog
2689,5,dog
2690,2,bird
2691,2,bird
2692,8,ship
2693,9,truck
2694,1,automobile
2695,2,bird
2696,2,bird
2697,0,airplane
2698,3,cat
2699,4,deer
2700,9,truck
2701,9,truck
2702,6,frog
2703,9,truck
2704,0,airplane
2705,8,ship
2706,3,cat
2707,6,frog
2708,7,horse
2709,6,frog
2710,7,horse
2711,5,dog
2712,1,automobile
2713,8,ship
2714,9,truck
2715,0,airplane
2716,5,dog
2717,0,airplane
2718,5,dog
2719,4,deer
2720,3,cat
2721,8,ship
2722,5,dog
2723,2,bird
2724,0,airplane
2725,8,ship
2726,5,dog
2727,9,truck
2728,3,cat
2729,5,dog
2730,6,frog
2731,5,dog
2732,7,horse
2733,3,cat
2734,7,horse
2735,2,bird
2736,8,ship
2737,8,ship
2738,4,deer
2739,2,bird
2740,1,automobile
2741,6,frog
2742,3,cat
2743,9,truck
2744,9,truck
2745,8,ship
2746,6,frog
2747,6,frog
2748,1,automobile
2749,2,bird
2750,7,horse
2751,2,bird
2752,3,cat
2753,7,horse
2754,9,truck
2755,4,deer
2756,8,ship
2757,1,automobile
2758,1,automobile
2759,3,cat
2760,2,bird
2761,7,horse
2762,7,horse
2763,4,deer
2764,1,automobile
2765,9,truck
2766,4,deer
2767,5,dog
2768,5,dog
2769,2,bird
2770,7,horse
2771,7,horse
2772,6,frog
2773,1,automobile
2774,2,bird
2775,3,cat
2776,7,horse
2777,5,dog
2778,4,deer
2779,3,cat
2780,7,horse
2781,7,horse
2782,0,airplane
2783,2,bird
2784,9,truck
2785,7,horse
2786,4,deer
2787,3,cat
2788,7,horse
2789,9,truck
2790,8,ship
2791,7,horse
2792,0,airplane
2793,9,truck
2794,0,airplane
2795,3,cat
2796,7,horse
2797,6,frog
2798,5,dog
2799,8,ship
2800,4,deer
2801,5,dog
2802,6,frog
2803,5,dog
2804,5,dog
2805,4,deer
2806,2,bird
2807,9,truck
2808,2,bird
2809,4,deer
2810,9,truck
2811,2,bird
2812,0,airplane
2813,1,automobile
2814,1,automobile
2815,3,cat
2816,7,horse
2817,9,truck
2818,5,dog
2819,1,automobile
2820,4,deer
2821,0,airplane
2822,3,cat
2823,3,cat
2824,7,horse
2825,2,bird
2826,4,deer
2827,5,dog
2828,2,bird
2829,3,cat
2830,6,frog
2831,3,cat
2832,5,dog
2833,0,airplane
2834,4,deer
2835,4,deer
2836,3,cat
2837,8,ship
2838,1,automobile
2839,2,bird
2840,4,deer
2841,2,bird
2842,7,horse
2843,1,automobile
2844,7,horse
2845,5,dog
2846,6,frog
2847,8,ship
2848,6,frog
2849,2,bird
2850,5,dog
2851,4,deer
2852,4,deer
2853,9,truck
2854,9,truck
2855,2,bird
2856,2,bird
2857,0,airplane
2858,7,horse
2859,7,horse
2860,5,dog
2861,5,dog
2862,6,frog
2863,6,frog
2864,2,bird
2865,6,frog
2866,9,truck
2867,7,horse
2868,9,truck
2869,4,deer
2870,8,ship
2871,3,cat
2872,1,automobile
2873,9,truck
2874,8,ship
2875,1,automobile
2876,9,truck
2877,0,airplane
2878,3,cat
2879,0,airplane
2880,4,deer
2881,7,horse
2882,7,horse
2883,2,bird
2884,6,frog
2885,5,dog
2886,6,frog
2887,9,truck
2888,7,horse
2889,7,horse
2890,5,dog
2891,7,horse
2892,0,airplane
2893,8,ship
2894,6,frog
2895,3,cat
2896,8,ship
2897,3,cat
2898,8,ship
2899,9,truck
2900,2,bird
2901,2,bird
2902,9,truck
2903,7,horse
2904,7,horse
2905,4,deer
2906,1,automobile
2907,9,truck
2908,7,horse
2909,0,airplane
2910,8,ship
2911,1,automobile
2912,2,bird
2913,0,airplane
2914,6,frog
2915,5,dog
2916,1,automobile
2917,4,deer
2918,2,bird
2919,8,ship
2920,2,bird
2921,8,ship
2922,3,cat
2923,5,dog
2924,1,automobile
2925,7,horse
2926,9,truck
2927,8,ship
2928,1,automobile
2929,1,automobile
2930,7,horse
2931,9,truck
2932,9,truck
2933,4,deer
2934,6,frog
2935,0,airplane
2936,5,dog
2937,5,dog
2938,2,bird
2939,2,bird
2940,2,bird
2941,8,ship
2942,2,bird
2943,9,truck
2944,9,truck
2945,7,horse
2946,9,truck
2947,1,automobile
2948,5,dog
2949,3,cat
2950,9,truck
2951,0,airplane
2952,3,cat
2953,8,ship
2954,9,truck
2955,2,bird
2956,0,airplane
2957,8,ship
2958,8,ship
2959,7,horse
2960,9,truck
2961,7,horse
2962,8,ship
2963,3,cat
2964,0,airplane
2965,7,horse
2966,0,airplane
2967,7,horse
2968,0,airplane
2969,5,dog
2970,5,dog
2971,4,deer
2972,3,cat
2973,0,airplane
2974,9,truck
2975,9,truck
2976,0,airplane
2977,2,bird
2978,2,bird
2979,0,airplane
2980,8,ship
2981,4,deer
2982,4,deer
2983,5,dog
2984,2,bird
2985,2,bird
2986,1,automobile
2987,1,automobile
2988,5,dog
2989,5,dog
2990,4,deer
2991,3,cat
2992,4,deer
2993,0,airplane
2994,8,ship
2995,4,deer
2996,8,ship
2997,2,bird
2998,5,dog
2999,6,frog
3000,5,dog
3001,1,automobile
3002,7,horse
3003,2,bird
3004,4,deer
3005,0,airplane
3006,5,dog
3007,6,frog
3008,8,ship
3009,7,horse
3010,6,frog
3011,5,dog
3012,1,automobile
3013,3,cat
3014,6,frog
3015,6,frog
3016,4,deer
3017,5,dog
3018,5,dog
3019,5,dog
3020,1,automobile
3021,8,ship
3022,7,horse
3023,3,cat
3024,0,airplane
3025,2,bird
3026,5,dog
3027,1,automobile
3028,1,automobile
3029,1,automobile
3030,6,frog
3031,7,horse
3032,2,bird
3033,1,automobile
3034,2,bird
3035,3,cat
3036,9,truck
3037,8,ship
3038,3,cat
3039,1,automobile
3040,7,horse
3041,4,deer
3042,8,ship
3043,4,deer
3044,4,deer
3045,5,dog
3046,8,ship
3047,6,frog
3048,0,airplane
3049,3,cat
3050,0,airplane
3051,8,ship
3052,2,bird
3053,4,deer
3054,4,deer
3055,9,truck
3056,4,deer
3057,7,horse
3058,1,automobile
3059,7,horse
3060,7,horse
3061,7,horse
3062,9,truck
3063,0,airplane
3064,1,automobile
3065,3,cat
3066,1,automobile
3067,3,cat
3068,2,bird
3069,4,deer
3070,0,airplane
3071,7,horse
3072,8,ship
3073,5,dog
3074,1,automobile
3075,6,frog
3076,2,bird
3077,1,automobile
3078,8,ship
3079,8,ship
3080,1,automobile
3081,9,truck
3082,2,bird
3083,3,cat
3084,3,cat
3085,2,bird
3086,9,truck
3087,0,airplane
3088,6,frog
3089,8,ship
3090,4,deer
3091,1,automobile
3092,5,dog
3093,7,horse
3094,0,airplane
3095,7,horse
3096,7,horse
3097,0,airplane
3098,4,deer
3099,9,truck
3100,0,airplane
3101,7,horse
3102,0,airplane
3103,6,frog
3104,7,horse
3105,1,automobile
3106,8,ship
3107,5,dog
3108,8,ship
3109,8,ship
3110,7,horse
3111,0,airplane
3112,0,airplane
3113,3,cat
3114,2,bird
3115,5,dog
3116,7,horse
3117,8,ship
3118,6,frog
3119,4,deer
3120,4,deer
3121,9,truck
3122,1,automobile
3123,8,ship
3124,6,frog
3125,3,cat
3126,9,truck
3127,4,deer
3128,1,automobile
3129,3,cat
3130,3,cat
3131,7,horse
3132,5,dog
3133,9,truck
3134,7,horse
3135,7,horse
3136,4,deer
3137,5,dog
3138,8,ship
3139,2,bird
3140,8,ship
3141,9,truck
3142,5,dog
3143,3,cat
3144,1,automobile
3145,9,truck
3146,2,bird
3147,2,bird
3148,0,airplane
3149,1,automobile
3150,9,truck
3151,8,ship
3152,1,automobile
3153,1,automobile
3154,9,truck
3155,8,ship
3156,9,truck
3157,9,truck
3158,0,airplane
3159,2,bird
3160,6,frog
3161,9,truck
3162,1,automobile
3163,1,automobile
3164,0,airplane
3165,1,automobile
3166,1,automobile
3167,2,bird
3168,8,ship
3169,9,truck
3170,9,truck
3171,1,automobile
3172,9,truck
3173,9,truck
3174,3,cat
3175,1,automobile
3176,7,horse
3177,0,airplane
3178,5,dog
3179,6,frog
3180,3,cat
3181,9,truck
3182,8,ship
3183,3,cat
3184,0,airplane
3185,2,bird
3186,7,horse
3187,7,horse
3188,7,horse
3189,8,ship
3190,3,cat
3191,0,airplane
3192,4,deer
3193,2,bird
3194,3,cat
3195,5,dog
3196,7,horse
3197,6,frog
3198,6,frog
3199,6,frog
3200,5,dog
3201,6,frog
3202,5,dog
3203,4,deer
3204,5,dog
3205,8,ship
3206,8,ship
3207,0,airplane
3208,9,truck
3209,7,horse
3210,9,truck
3211,0,airplane
3212,6,frog
3213,9,truck
3214,6,frog
3215,1,automobile
3216,4,deer
3217,7,horse
3218,1,automobile
3219,0,airplane
3220,3,cat
3221,5,dog
3222,4,deer
3223,7,horse
3224,6,frog
3225,9,truck
3226,8,ship
3227,2,bird
3228,3,cat
3229,9,truck
3230,3,cat
3231,3,cat
3232,7,horse
3233,8,ship
3234,3,cat
3235,5,dog
3236,5,dog
3237,1,automobile
3238,3,cat
3239,1,automobile
3240,4,deer
3241,7,horse
3242,4,deer
3243,8,ship
3244,7,horse
3245,7,horse
3246,1,automobile
3247,3,cat
3248,0,airplane
3249,3,cat
3250,2,bird
3251,5,dog
3252,4,deer
3253,9,truck
3254,3,cat
3255,5,dog
3256,7,horse
3257,7,horse
3258,0,airplane
3259,3,cat
3260,7,horse
3261,0,airplane
3262,2,bird
3263,1,automobile
3264,5,dog
3265,8,ship
3266,7,horse
3267,3,cat
3268,5,dog
3269,7,horse
3270,8,ship
3271,5,dog
3272,7,horse
3273,8,ship
3274,1,automobile
3275,5,dog
3276,7,horse
3277,7,horse
3278,0,airplane
3279,8,ship
3280,3,cat
3281,2,bird
3282,9,truck
3283,7,horse
3284,4,deer
3285,1,automobile
3286,5,dog
3287,5,dog
3288,9,truck
3289,8,ship
3290,5,dog
3291,5,dog
3292,4,deer
3293,1,automobile
3294,0,airplane
3295,9,truck
3296,4,deer
3297,5,dog
3298,3,cat
3299,0,airplane
3300,7,horse
3301,8,ship
3302,0,airplane
3303,8,ship
3304,2,bird
3305,9,truck
3306,7,horse
3307,1,automobile
3308,7,horse
3309,7,horse
3310,6,frog
3311,7,horse
3312,9,truck
3313,2,bird
3314,9,truck
3315,3,cat
3316,7,horse
3317,7,horse
3318,8,ship
3319,2,bird
3320,2,bird
3321,0,airplane
3322,2,bird
3323,5,dog
3324,2,bird
3325,6,frog
3326,4,deer
3327,7,horse
3328,2,bird
3329,3,cat
3330,7,horse
3331,8,ship
3332,7,horse
3333,2,bird
3334,5,dog
3335,0,airplane
3336,0,airplane
3337,7,horse
3338,0,airplane
3339,9,truck
3340,6,frog
3341,1,automobile
3342,0,airplane
3343,2,bird
3344,9,truck
3345,7,horse
3346,4,deer
3347,9,truck
3348,1,automobile
3349,6,frog
3350,8,ship
3351,1,automobile
3352,2,bird
3353,3,cat
3354,6,frog
3355,5,dog
3356,4,deer
3357,8,ship
3358,9,truck
3359,4,deer
3360,4,deer
3361,4,deer
3362,1,automobile
3363,2,bird
3364,7,horse
3365,9,truck
3366,8,ship
3367,7,horse
3368,9,truck
3369,5,dog
3370,1,automobile
3371,2,bird
3372,1,automobile
3373,6,frog
3374,6,frog
3375,4,deer
3376,5,dog
3377,7,horse
3378,4,deer
3379,5,dog
3380,8,ship
3381,5,dog
3382,2,bird
3383,8,ship
3384,7,horse
3385,8,ship
3386,2,bird
3387,3,cat
3388,6,frog
3389,1,automobile
3390,5,dog
3391,3,cat
3392,1,automobile
3393,5,dog
3394,1,automobile
3395,9,truck
3396,2,bird
3397,9,truck
3398,2,bird
3399,0,airplane
3400,6,frog
3401,2,bird
3402,4,deer
3403,8,ship
3404,5,dog
3405,7,horse
3406,6,frog
3407,1,automobile
3408,2,bird
3409,9,truck
3410,4,deer
3411,5,dog
3412,0,airplane
3413,3,cat
3414,3,cat
3415,7,horse
3416,7,horse
3417,7,horse
3418,1,automobile
3419,4,deer
3420,5,dog
3421,0,airplane
3422,7,horse
3423,8,ship
3424,5,dog
3425,0,airplane
3426,0,airplane
3427,3,cat
3428,3,cat
3429,2,bird
3430,8,ship
3431,4,deer
3432,5,dog
3433,7,horse
3434,5,dog
3435,3,cat
3436,4,deer
3437,7,horse
3438,9,truck
3439,4,deer
3440,2,bird
3441,0,airplane
3442,6,frog
3443,4,deer
3444,2,bird
3445,0,airplane
3446,6,frog
3447,4,deer
3448,6,frog
3449,1,automobile
3450,9,truck
3451,5,dog
3452,3,cat
3453,2,bird
3454,2,bird
3455,6,frog
3456,3,cat
3457,7,horse
3458,5,dog
3459,9,truck
3460,1,automobile
3461,7,horse
3462,2,bird
3463,5,dog
3464,1,automobile
3465,6,frog
3466,5,dog
3467,0,airplane
3468,2,bird
3469,9,truck
3470,7,horse
3471,1,automobile
3472,7,horse
3473,2,bird
3474,2,bird
3475,0,airplane
3476,8,ship
3477,6,frog
3478,4,deer
3479,3,cat
3480,2,bird
3481,7,horse
3482,7,horse
3483,0,airplane
3484,4,deer
3485,1,automobile
3486,6,frog
3487,5,dog
3488,1,automobile
3489,3,cat
3490,0,airplane
3491,5,dog
3492,9,truck
3493,0,airplane
3494,0,airplane
3495,2,bird
3496,5,dog
3497,0,airplane
3498,4,deer
3499,0,airplane
3500,1,automobile
3501,9,truck
3502,8,ship
3503,7,horse
3504,9,truck
3505,4,deer
3506,2,bird
3507,4,deer
3508,3,cat
3509,3,cat
3510,4,deer
3511,0,airplane
3512,4,deer
3513,3,cat
3514,2,bird
3515,8,ship
3516,9,truck
3517,1,automobile
3518,5,dog
3519,8,ship
3520,1,automobile
3521,8,ship
3522,2,bird
3523,4,deer
3524,4,deer
3525,2,bird
3526,4,deer
3527,1,automobile
3528,9,truck
3529,3,cat
3530,6,frog
3531,8,ship
3532,5,dog
3533,2,bird
3534,2,bird
3535,5,dog
3536,0,airplane
3537,8,ship
3538,2,bird
3539,3,cat
3540,6,frog
3541,2,bird
3542,9,truck
3543,6,frog
3544,9,truck
3545,4,deer
3546,2,bird
3547,9,truck
3548,0,airplane
3549,1,automobile
3550,0,airplane
3551,0,airplane
3552,8,ship
3553,1,automobile
3554,1,automobile
3555,6,frog
3556,6,frog
3557,8,ship
3558,5,dog
3559,4,deer
3560,9,truck
3561,7,horse
3562,8,ship
3563,6,frog
3564,9,truck
3565,1,automobile
3566,7,horse
3567,6,frog
3568,0,airplane
3569,9,truck
3570,2,bird
3571,5,dog
3572,3,cat
3573,2,bird
3574,5,dog
3575,3,cat
3576,4,deer
3577,9,truck
3578,7,horse
3579,1,automobile
3580,4,deer
3581,4,deer
3582,6,frog
3583,1,automobile
3584,3,cat
3585,8,ship
3586,8,ship
3587,0,airplane
3588,6,frog
3589,7,horse
3590,7,horse
3591,6,frog
3592,7,horse
3593,2,bird
3594,3,cat
3595,2,bird
3596,2,bird
3597,6,frog
3598,2,bird
3599,7,horse
3600,4,deer
3601,0,airplane
3602,3,cat
3603,5,dog
3604,2,bird
3605,6,frog
3606,3,cat
3607,3,cat
3608,0,airplane
3609,9,truck
3610,5,dog
3611,1,automobile
3612,1,automobile
3613,5,dog
3614,3,cat
3615,6,frog
3616,4,deer
3617,3,cat
3618,4,deer
3619,1,automobile
3620,0,airplane
3621,4,deer
3622,5,dog
3623,5,dog
3624,4,deer
3625,8,ship
3626,9,truck
3627,4,deer
3628,3,cat
3629,1,automobile
3630,8,ship
3631,0,airplane
3632,1,automobile
3633,3,cat
3634,3,cat
3635,4,deer
3636,4,deer
3637,3,cat
3638,9,truck
3639,7,horse
3640,6,frog
3641,8,ship
3642,1,automobile
3643,8,ship
3644,9,truck
3645,1,automobile
3646,3,cat
3647,1,automobile
3648,7,horse
3649,3,cat
3650,2,bird
3651,0,airplane
3652,2,bird
3653,0,airplane
3654,3,cat
3655,9,truck
3656,2,bird
3657,7,horse
3658,4,deer
3659,6,frog
3660,0,airplane
3661,1,automobile
3662,2,bird
3663,1,automobile
3664,6,frog
3665,7,horse
3666,5,dog
3667,5,dog
3668,6,frog
3669,5,dog
3670,9,truck
3671,4,deer
3672,0,airplane
3673,2,bird
3674,3,cat
3675,4,deer
3676,9,truck
3677,4,deer
3678,1,automobile
3679,0,airplane
3680,0,airplane
3681,2,bird
3682,3,cat
3683,2,bird
3684,9,truck
3685,2,bird
3686,8,ship
3687,9,truck
3688,5,dog
3689,7,horse
3690,9,truck
3691,1,automobile
3692,4,deer
3693,6,frog
3694,2,bird
3695,8,ship
3696,5,dog
3697,7,horse
3698,8,ship
3699,9,truck
3700,3,cat
3701,1,automobile
3702,1,automobile
3703,6,frog
3704,5,dog
3705,8,ship
3706,4,deer
3707,6,frog
3708,4,deer
3709,7,horse
3710,2,bird
3711,6,frog
3712,4,deer
3713,2,bird
3714,3,cat
3715,1,automobile
3716,4,deer
3717,6,frog
3718,8,ship
3719,5,dog
3720,2,bird
3721,2,bird
3722,7,horse
3723,1,automobile
3724,2,bird
3725,2,bird
3726,5,dog
3727,9,truck
3728,3,cat
3729,8,ship
3730,1,automobile
3731,6,frog
3732,9,truck
3733,2,bird
3734,7,horse
3735,5,dog
3736,3,cat
3737,4,deer
3738,9,truck
3739,7,horse
3740,0,airplane
3741,2,bird
3742,9,truck
3743,3,cat
3744,7,horse
3745,1,automobile
3746,7,horse
3747,9,truck
3748,5,dog
3749,8,ship
3750,9,truck
3751,7,horse
3752,1,automobile
3753,3,cat
3754,0,airplane
3755,1,automobile
3756,7,horse
3757,4,deer
3758,2,bird
3759,4,deer
3760,7,horse
3761,0,airplane
3762,9,truck
3763,8,ship
3764,1,automobile
3765,0,airplane
3766,7,horse
3767,6,frog
3768,1,automobile
3769,9,truck
3770,9,truck
3771,0,airplane
3772,1,automobile
3773,2,bird
3774,5,dog
3775,6,frog
3776,9,truck
3777,7,horse
3778,7,horse
3779,5,dog
3780,4,deer
3781,2,bird
3782,0,airplane
3783,4,deer
3784,5,dog
3785,6,frog
3786,7,horse
3787,3,cat
3788,7,horse
3789,9,truck
3790,4,deer
3791,2,bird
3792,0,airplane
3793,5,dog
3794,1,automobile
3795,7,horse
3796,3,cat
3797,7,horse
3798,3,cat
3799,3,cat
3800,9,truck
3801,2,bird
3802,7,horse
3803,8,ship
3804,5,dog
3805,9,truck
3806,5,dog
3807,8,ship
3808,5,dog
3809,7,horse
3810,3,cat
3811,7,horse
3812,1,automobile
3813,8,ship
3814,1,automobile
3815,7,horse
3816,4,deer
3817,8,ship
3818,9,truck
3819,3,cat
3820,0,airplane
3821,8,ship
3822,4,deer
3823,0,airplane
3824,2,bird
3825,0,airplane
3826,1,automobile
3827,4,deer
3828,1,automobile
3829,8,ship
3830,5,dog
3831,5,dog
3832,7,horse
3833,9,truck
3834,8,ship
3835,7,horse
3836,7,horse
3837,9,truck
3838,1,automobile
3839,5,dog
3840,6,frog
3841,9,truck
3842,8,ship
3843,7,horse
3844,2,bird
3845,0,airplane
3846,9,truck
3847,0,airplane
3848,8,ship
3849,5,dog
3850,9,truck
3851,4,deer
3852,2,bird
3853,9,truck
3854,8,ship
3855,1,automobile
3856,9,truck
3857,1,automobile
3858,8,ship
3859,3,cat
3860,7,horse
3861,6,frog
3862,4,deer
3863,2,bird
3864,3,cat
3865,7,horse
3866,0,airplane
3867,3,cat
3868,5,dog
3869,8,ship
3870,8,ship
3871,8,ship
3872,7,horse
3873,9,truck
3874,6,frog
3875,2,bird
3876,7,horse
3877,4,deer
3878,5,dog
3879,7,horse
3880,6,frog
3881,7,horse
3882,1,automobile
3883,7,horse
3884,3,cat
3885,6,frog
3886,8,ship
3887,3,cat
3888,6,frog
3889,6,frog
3890,7,horse
3891,1,automobile
3892,5,dog
3893,9,truck
3894,7,horse
3895,1,automobile
3896,7,horse
3897,9,truck
3898,1,automobile
3899,3,cat
3900,3,cat
3901,3,cat
3902,9,truck
3903,0,airplane
3904,1,automobile
3905,2,bird
3906,3,cat
3907,7,horse
3908,2,bird
3909,3,cat
3910,2,bird
3911,9,truck
3912,8,ship
3913,7,horse
3914,4,deer
3915,4,deer
3916,9,truck
3917,7,horse
3918,6,frog
3919,7,horse
3920,7,horse
3921,1,automobile
3922,2,bird
3923,3,cat
3924,5,dog
3925,1,automobile
3926,9,truck
3927,0,airplane
3928,3,cat
3929,3,cat
3930,1,automobile
3931,5,dog
3932,2,bird
3933,6,frog
3934,2,bird
3935,4,deer
3936,2,bird
3937,8,ship
3938,8,ship
3939,1,automobile
3940,6,frog
3941,6,frog
3942,1,automobile
3943,0,airplane
3944,7,horse
3945,5,dog
3946,8,ship
3947,2,bird
3948,1,automobile
3949,5,dog
3950,8,ship
3951,1,automobile
3952,4,deer
3953,7,horse
3954,5,dog
3955,0,airplane
3956,6,frog
3957,9,truck
3958,9,truck
3959,5,dog
3960,2,bird
3961,8,ship
3962,7,horse
3963,1,automobile
3964,9,truck
3965,0,airplane
3966,4,deer
3967,4,deer
3968,8,ship
3969,2,bird
3970,9,truck
3971,0,airplane
3972,7,horse
3973,9,truck
3974,8,ship
3975,7,horse
3976,1,automobile
3977,6,frog
3978,6,frog
3979,9,truck
3980,9,truck
3981,5,dog
3982,9,truck
3983,7,horse
3984,2,bird
3985,7,horse
3986,7,horse
3987,1,automobile
3988,1,automobile
3989,2,bird
3990,4,deer
3991,2,bird
3992,0,airplane
3993,6,frog
3994,8,ship
3995,7,horse
3996,6,frog
3997,2,bird
3998,2,bird
3999,9,truck
4000,8,ship
4001,2,bird
4002,7,horse
4003,2,bird
4004,0,airplane
4005,5,dog
4006,8,ship
4007,6,frog
4008,8,ship
4009,2,bird
4010,7,horse
4011,7,horse
4012,3,cat
4013,1,automobile
4014,8,ship
4015,1,automobile
4016,6,frog
4017,5,dog
4018,9,truck
4019,7,horse
4020,8,ship
4021,9,truck
4022,2,bird
4023,4,deer
4024,8,ship
4025,1,automobile
4026,9,truck
4027,4,deer
4028,0,airplane
4029,4,deer
4030,1,automobile
4031,4,deer
4032,7,horse
4033,6,frog
4034,2,bird
4035,2,bird
4036,7,horse
4037,0,airplane
4038,0,airplane
4039,7,horse
4040,0,airplane
4041,7,horse
4042,4,deer
4043,3,cat
4044,6,frog
4045,7,horse
4046,7,horse
4047,4,deer
4048,5,dog
4049,4,deer
4050,3,cat
4051,5,dog
4052,6,frog
4053,4,deer
4054,0,airplane
4055,0,airplane
4056,0,airplane
4057,7,horse
4058,7,horse
4059,1,automobile
4060,6,frog
4061,5,dog
4062,0,airplane
4063,7,horse
4064,7,horse
4065,4,deer
4066,2,bird
4067,1,automobile
4068,8,ship
4069,5,dog
4070,9,truck
4071,2,bird
4072,5,dog
4073,6,frog
4074,2,bird
4075,2,bird
4076,7,horse
4077,3,cat
4078,5,dog
4079,8,ship
4080,1,automobile
4081,0,airplane
4082,6,frog
4083,8,ship
4084,7,horse
4085,8,ship
4086,8,ship
4087,5,dog
4088,7,horse
4089,5,dog
4090,4,deer
4091,9,truck
4092,7,horse
4093,3,cat
4094,3,cat
4095,8,ship
4096,8,ship
4097,3,cat
4098,9,truck
4099,4,deer
4100,7,horse
4101,2,bird
4102,0,airplane
4103,8,ship
4104,0,airplane
4105,7,horse
4106,3,cat
4107,3,cat
4108,2,bird
4109,5,dog
4110,2,bird
4111,4,deer
4112,4,deer
4113,0,airplane
4114,4,deer
4115,8,ship
4116,2,bird
4117,4,deer
4118,2,bird
4119,3,cat
4120,4,deer
4121,3,cat
4122,6,frog
4123,0,airplane
4124,8,ship
4125,8,ship
4126,0,airplane
4127,6,frog
4128,1,automobile
4129,1,automobile
4130,6,frog
4131,9,truck
4132,4,deer
4133,2,bird
4134,1,automobile
4135,1,automobile
4136,2,bird
4137,4,deer
4138,4,deer
4139,5,dog
4140,5,dog
4141,8,ship
4142,0,airplane
4143,7,horse
4144,1,automobile
4145,8,ship
4146,4,deer
4147,3,cat
4148,3,cat
4149,9,truck
4150,2,bird
4151,6,frog
4152,5,dog
4153,0,airplane
4154,7,horse
4155,3,cat
4156,3,cat
4157,2,bird
4158,7,horse
4159,4,deer
4160,5,dog
4161,6,frog
4162,0,airplane
4163,2,bird
4164,1,automobile
4165,8,ship
4166,1,automobile
4167,0,airplane
4168,9,truck
4169,3,cat
4170,1,automobile
4171,0,airplane
4172,5,dog
4173,4,deer
4174,2,bird
4175,1,automobile
4176,3,cat
4177,6,frog
4178,7,horse
4179,6,frog
4180,0,airplane
4181,0,airplane
4182,5,dog
4183,7,horse
4184,4,deer
4185,7,horse
4186,7,horse
4187,0,airplane
4188,6,frog
4189,1,automobile
4190,3,cat
4191,9,truck
4192,0,airplane
4193,9,truck
4194,0,airplane
4195,3,cat
4196,8,ship
4197,4,deer
4198,8,ship
4199,8,ship
4200,4,deer
4201,1,automobile
4202,0,airplane
4203,2,bird
4204,2,bird
4205,4,deer
4206,9,truck
4207,1,automobile
4208,2,bird
4209,4,deer
4210,5,dog
4211,4,deer
4212,1,automobile
4213,4,deer
4214,7,horse
4215,1,automobile
4216,0,airplane
4217,0,airplane
4218,9,truck
4219,0,airplane
4220,4,deer
4221,2,bird
4222,8,ship
4223,8,ship
4224,5,dog
4225,5,dog
4226,0,airplane
4227,4,deer
4228,0,airplane
4229,8,ship
4230,6,frog
4231,2,bird
4232,5,dog
4233,9,truck
4234,2,bird
4235,9,truck
4236,1,automobile
4237,1,automobile
4238,5,dog
4239,4,deer
4240,7,horse
4241,5,dog
4242,8,ship
4243,6,frog
4244,7,horse
4245,1,automobile
4246,5,dog
4247,5,dog
4248,3,cat
4249,4,deer
4250,1,automobile
4251,0,airplane
4252,9,truck
4253,9,truck
4254,8,ship
4255,8,ship
4256,8,ship
4257,6,frog
4258,8,ship
4259,5,dog
4260,8,ship
4261,9,truck
4262,4,deer
4263,3,cat
4264,2,bird
4265,6,frog
4266,3,cat
4267,7,horse
4268,4,deer
4269,0,airplane
4270,0,airplane
4271,9,truck
4272,7,horse
4273,5,dog
4274,1,automobile
4275,5,dog
4276,9,truck
4277,3,cat
4278,1,automobile
4279,6,frog
4280,8,ship
4281,7,horse
4282,3,cat
4283,6,frog
4284,9,truck
4285,1,automobile
4286,2,bird
4287,0,airplane
4288,1,automobile
4289,7,horse
4290,2,bird
4291,6,frog
4292,1,automobile
4293,9,truck
4294,2,bird
4295,0,airplane
4296,8,ship
4297,9,truck
4298,9,truck
4299,2,bird
4300,8,ship
4301,4,deer
4302,2,bird
4303,5,dog
4304,6,frog
4305,0,airplane
4306,5,dog
4307,2,bird
4308,0,airplane
4309,7,horse
4310,7,horse
4311,7,horse
4312,2,bird
4313,0,airplane
4314,1,automobile
4315,5,dog
4316,8,ship
4317,8,ship
4318,1,automobile
4319,2,bird
4320,1,automobile
4321,5,dog
4322,7,horse
4323,5,dog
4324,9,truck
4325,6,frog
4326,7,horse
4327,1,automobile
4328,0,airplane
4329,6,frog
4330,9,truck
4331,2,bird
4332,7,horse
4333,7,horse
4334,3,cat
4335,9,truck
4336,9,truck
4337,1,automobile
4338,9,truck
4339,7,horse
4340,0,airplane
4341,1,automobile
4342,3,cat
4343,5,dog
4344,4,deer
4345,6,frog
4346,3,cat
4347,8,ship
4348,8,ship
4349,0,airplane
4350,4,deer
4351,8,ship
4352,3,cat
4353,6,frog
4354,7,horse
4355,8,ship
4356,0,airplane
4357,7,horse
4358,5,dog
4359,2,bird
4360,6,frog
4361,8,ship
4362,4,deer
4363,9,truck
4364,9,truck
4365,9,truck
4366,2,bird
4367,0,airplane
4368,2,bird
4369,1,automobile
4370,8,ship
4371,1,automobile
4372,1,automobile
4373,0,airplane
4374,0,airplane
4375,3,cat
4376,7,horse
4377,4,deer
4378,1,automobile
4379,1,automobile
4380,9,truck
4381,7,horse
4382,7,horse
4383,4,deer
4384,6,frog
4385,8,ship
4386,6,frog
4387,2,bird
4388,2,bird
4389,8,ship
4390,5,dog
4391,3,cat
4392,5,dog
4393,7,horse
4394,5,dog
4395,7,horse
4396,9,truck
4397,8,ship
4398,7,horse
4399,4,deer
4400,3,cat
4401,1,automobile
4402,4,deer
4403,8,ship
4404,3,cat
4405,6,frog
4406,5,dog
4407,3,cat
4408,0,airplane
4409,8,ship
4410,9,truck
4411,5,dog
4412,7,horse
4413,6,frog
4414,2,bird
4415,0,airplane
4416,4,deer
4417,9,truck
4418,9,truck
4419,0,airplane
4420,5,dog
4421,2,bird
4422,8,ship
4423,6,frog
4424,1,automobile
4425,1,automobile
4426,0,airplane
4427,2,bird
4428,8,ship
4429,2,bird
4430,1,automobile
4431,9,truck
4432,7,horse
4433,5,dog
4434,2,bird
4435,3,cat
4436,4,deer
4437,1,automobile
4438,2,bird
4439,9,truck
4440,2,bird
4441,9,truck
4442,0,airplane
4443,4,deer
4444,8,ship
4445,9,truck
4446,0,airplane
4447,0,airplane
4448,4,deer
4449,9,truck
4450,0,airplane
4451,2,bird
4452,2,bird
4453,0,airplane
4454,6,frog
4455,8,ship
4456,7,horse
4457,5,dog
4458,3,cat
4459,8,ship
4460,9,truck
4461,0,airplane
4462,2,bird
4463,5,dog
4464,3,cat
4465,6,frog
4466,1,automobile
4467,3,cat
4468,1,automobile
4469,5,dog
4470,9,truck
4471,5,dog
4472,4,deer
4473,4,deer
4474,0,airplane
4475,1,automobile
4476,8,ship
4477,6,frog
4478,1,automobile
4479,7,horse
4480,9,truck
4481,9,truck
4482,6,frog
4483,2,bird
4484,4,deer
4485,5,dog
4486,8,ship
4487,3,cat
4488,4,deer
4489,7,horse
4490,0,airplane
4491,4,deer
4492,8,ship
4493,4,deer
4494,8,ship
4495,3,cat
4496,8,ship
4497,8,ship
4498,8,ship
4499,3,cat
4500,3,cat
4501,5,dog
4502,7,horse
4503,7,horse
4504,0,airplane
4505,4,deer
4506,1,automobile
4507,5,dog
4508,9,truck
4509,7,horse
4510,0,airplane
4511,6,frog
4512,8,ship
4513,4,deer
4514,9,truck
4515,0,airplane
4516,1,automobile
4517,8,ship
4518,9,truck
4519,6,frog
4520,3,cat
4521,9,truck
4522,2,bird
4523,4,deer
4524,4,deer
4525,0,airplane
4526,3,cat
4527,3,cat
4528,5,dog
4529,7,horse
4530,5,dog
4531,1,automobile
4532,1,automobile
4533,8,ship
4534,2,bird
4535,2,bird
4536,9,truck
4537,3,cat
4538,7,horse
4539,8,ship
4540,9,truck
4541,2,bird
4542,3,cat
4543,1,automobile
4544,7,horse
4545,3,cat
4546,0,airplane
4547,3,cat
4548,0,airplane
4549,1,automobile
4550,9,truck
4551,5,dog
4552,5,dog
4553,3,cat
4554,7,horse
4555,4,deer
4556,2,bird
4557,0,airplane
4558,0,airplane
4559,3,cat
4560,1,automobile
4561,3,cat
4562,4,deer
4563,7,horse
4564,4,deer
4565,2,bird
4566,8,ship
4567,4,deer
4568,8,ship
4569,9,truck
4570,9,truck
4571,4,deer
4572,2,bird
4573,4,deer
4574,2,bird
4575,6,frog
4576,4,deer
4577,6,frog
4578,4,deer
4579,5,dog
4580,6,frog
4581,3,cat
4582,8,ship
4583,7,horse
4584,4,deer
4585,8,ship
4586,2,bird
4587,5,dog
4588,9,truck
4589,3,cat
4590,1,automobile
4591,0,airplane
4592,7,horse
4593,5,dog
4594,1,automobile
4595,9,truck
4596,7,horse
4597,9,truck
4598,1,automobile
4599,1,automobile
4600,4,deer
4601,2,bird
4602,1,automobile
4603,2,bird
4604,4,deer
4605,3,cat
4606,0,airplane
4607,1,automobile
4608,4,deer
4609,8,ship
4610,6,frog
4611,1,automobile
4612,7,horse
4613,1,automobile
4614,5,dog
4615,2,bird
4616,4,deer
4617,3,cat
4618,3,cat
4619,9,truck
4620,7,horse
4621,8,ship
4622,2,bird
4623,5,dog
4624,5,dog
4625,4,deer
4626,5,dog
4627,4,deer
4628,5,dog
4629,7,horse
4630,2,bird
4631,5,dog
4632,5,dog
4633,1,automobile
4634,7,horse
4635,7,horse
4636,8,ship
4637,3,cat
4638,6,frog
4639,1,automobile
4640,2,bird
4641,5,dog
4642,2,bird
4643,5,dog
4644,7,horse
4645,4,deer
4646,2,bird
4647,1,automobile
4648,6,frog
4649,8,ship
4650,6,frog
4651,8,ship
4652,5,dog
4653,2,bird
4654,7,horse
4655,7,horse
4656,9,truck
4657,7,horse
4658,1,automobile
4659,4,deer
4660,7,horse
4661,5,dog
4662,6,frog
4663,1,automobile
4664,7,horse
4665,3,cat
4666,0,airplane
4667,0,airplane
4668,6,frog
4669,6,frog
4670,8,ship
4671,6,frog
4672,6,frog
4673,0,airplane
4674,3,cat
4675,4,deer
4676,7,horse
4677,7,horse
4678,9,truck
4679,4,deer
4680,9,truck
4681,9,truck
4682,3,cat
4683,4,deer
4684,1,automobile
4685,4,deer
4686,0,airplane
4687,3,cat
4688,7,horse
4689,1,automobile
4690,2,bird
4691,2,bird
4692,8,ship
4693,4,deer
4694,7,horse
4695,8,ship
4696,5,dog
4697,5,dog
4698,6,frog
4699,3,cat
4700,3,cat
4701,0,airplane
4702,6,frog
4703,4,deer
4704,9,truck
4705,3,cat
4706,2,bird
4707,7,horse
4708,3,cat
4709,8,ship
4710,2,bird
4711,9,truck
4712,4,deer
4713,1,automobile
4714,6,frog
4715,9,truck
4716,9,truck
4717,7,horse
4718,5,dog
4719,9,truck
4720,0,airplane
4721,1,automobile
4722,6,frog
4723,9,truck
4724,5,dog
4725,9,truck
4726,0,airplane
4727,9,truck
4728,7,horse
4729,2,bird
4730,4,deer
4731,4,deer
4732,2,bird
4733,6,frog
4734,4,deer
4735,8,ship
4736,1,automobile
4737,9,truck
4738,5,dog
4739,6,frog
4740,3,cat
4741,1,automobile
4742,8,ship
4743,4,deer
4744,8,ship
4745,7,horse
4746,6,frog
4747,5,dog
4748,0,airplane
4749,2,bird
4750,7,horse
4751,6,frog
4752,9,truck
4753,2,bird
4754,3,cat
4755,1,automobile
4756,6,frog
4757,4,deer
4758,9,truck
4759,0,airplane
4760,3,cat
4761,9,truck
4762,1,automobile
4763,0,airplane
4764,5,dog
4765,3,cat
4766,1,automobile
4767,6,frog
4768,9,truck
4769,8,ship
4770,9,truck
4771,0,airplane
4772,4,deer
4773,1,automobile
4774,6,frog
4775,2,bird
4776,5,dog
4777,5,dog
4778,5,dog
4779,9,truck
4780,0,airplane
4781,7,horse
4782,2,bird
4783,4,deer
4784,8,ship
4785,3,cat
4786,6,frog
4787,8,ship
4788,6,frog
4789,9,truck
4790,1,automobile
4791,9,truck
4792,0,airplane
4793,6,frog
4794,4,deer
4795,3,cat
4796,9,truck
4797,5,dog
4798,2,bird
4799,1,automobile
4800,9,truck
4801,2,bird
4802,0,airplane
4803,7,horse
4804,3,cat
4805,5,dog
4806,1,automobile
4807,8,ship
4808,3,cat
4809,0,airplane
4810,5,dog
4811,2,bird
4812,8,ship
4813,8,ship
4814,5,dog
4815,9,truck
4816,6,frog
4817,0,airplane
4818,3,cat
4819,5,dog
4820,3,cat
4821,6,frog
4822,1,automobile
4823,5,dog
4824,0,airplane
4825,7,horse
4826,3,cat
4827,9,truck
4828,4,deer
4829,5,dog
4830,3,cat
4831,1,automobile
4832,4,deer
4833,2,bird
4834,4,deer
4835,9,truck
4836,9,truck
4837,4,deer
4838,1,automobile
4839,7,horse
4840,0,airplane
4841,1,automobile
4842,2,bird
4843,1,automobile
4844,5,dog
4845,3,cat
4846,8,ship
4847,4,deer
4848,1,automobile
4849,5,dog
4850,1,automobile
4851,9,truck
4852,9,truck
4853,7,horse
4854,0,airplane
4855,1,automobile
4856,7,horse
4857,6,frog
4858,2,bird
4859,2,bird
4860,5,dog
4861,0,airplane
4862,3,cat
4863,9,truck
4864,2,bird
4865,8,ship
4866,9,truck
4867,1,automobile
4868,0,airplane
4869,8,ship
4870,0,airplane
4871,7,horse
4872,9,truck
4873,2,bird
4874,9,truck
4875,1,automobile
4876,3,cat
4877,6,frog
4878,7,horse
4879,6,frog
4880,0,airplane
4881,8,ship
4882,6,frog
4883,6,frog
4884,4,deer
4885,2,bird
4886,3,cat
4887,5,dog
4888,5,dog
4889,4,deer
4890,1,automobile
4891,6,frog
4892,7,horse
4893,1,automobile
4894,6,frog
4895,1,automobile
4896,7,horse
4897,9,truck
4898,6,frog
4899,2,bird
4900,3,cat
4901,0,airplane
4902,4,deer
4903,2,bird
4904,9,truck
4905,7,horse
4906,3,cat
4907,5,dog
4908,6,frog
4909,0,airplane
4910,8,ship
4911,8,ship
4912,1,automobile
4913,1,automobile
4914,3,cat
4915,5,dog
4916,6,frog
4917,5,dog
4918,3,cat
4919,8,ship
4920,7,horse
4921,5,dog
4922,0,airplane
4923,7,horse
4924,7,horse
4925,5,dog
4926,7,horse
4927,1,automobile
4928,9,truck
4929,9,truck
4930,1,automobile
4931,9,truck
4932,1,automobile
4933,3,cat
4934,5,dog
4935,5,dog
4936,3,cat
4937,0,airplane
4938,3,cat
4939,0,airplane
4940,2,bird
4941,6,frog
4942,5,dog
4943,2,bird
4944,8,ship
4945,9,truck
4946,4,deer
4947,5,dog
4948,1,automobile
4949,1,automobile
4950,2,bird
4951,7,horse
4952,9,truck
4953,0,airplane
4954,9,truck
4955,2,bird
4956,5,dog
4957,4,deer
4958,4,deer
4959,7,horse
4960,4,deer
4961,8,ship
4962,3,cat
4963,3,cat
4964,4,deer
4965,4,deer
4966,5,dog
4967,7,horse
4968,0,airplane
4969,1,automobile
4970,3,cat
4971,9,truck
4972,8,ship
4973,1,automobile
4974,7,horse
4975,3,cat
4976,5,dog
4977,9,truck
4978,1,automobile
4979,9,truck
4980,9,truck
4981,1,automobile
4982,3,cat
4983,6,frog
4984,7,horse
4985,4,deer
4986,8,ship
4987,3,cat
4988,5,dog
4989,6,frog
4990,7,horse
4991,0,airplane
4992,1,automobile
4993,7,horse
4994,7,horse
4995,2,bird
4996,3,cat
4997,3,cat
4998,5,dog
4999,1,automobile
5000,7,horse
5001,3,cat
5002,8,ship
5003,7,horse
5004,4,deer
5005,5,dog
5006,7,horse
5007,5,dog
5008,4,deer
5009,7,horse
5010,7,horse
5011,3,cat
5012,6,frog
5013,0,airplane
5014,7,horse
5015,2,bird
5016,6,frog
5017,7,horse
5018,4,deer
5019,1,automobile
5020,8,ship
5021,0,airplane
5022,2,bird
5023,2,bird
5024,1,automobile
5025,5,dog
5026,4,deer
5027,0,airplane
5028,9,truck
5029,3,cat
5030,4,deer
5031,7,horse
5032,2,bird
5033,3,cat
5034,8,ship
5035,5,dog
5036,0,airplane
5037,0,airplane
5038,4,deer
5039,6,frog
5040,3,cat
5041,9,truck
5042,2,bird
5043,0,airplane
5044,5,dog
5045,7,horse
5046,5,dog
5047,5,dog
5048,1,automobile
5049,7,horse
5050,3,cat
5051,1,automobile
5052,6,frog
5053,7,horse
5054,9,truck
5055,0,airplane
5056,1,automobile
5057,2,bird
5058,1,automobile
5059,4,deer
5060,6,frog
5061,1,automobile
5062,5,dog
5063,9,truck
5064,5,dog
5065,0,airplane
5066,4,deer
5067,9,truck
5068,4,deer
5069,9,truck
5070,7,horse
5071,1,automobile
5072,6,frog
5073,8,ship
5074,0,airplane
5075,3,cat
5076,5,dog
5077,0,airplane
5078,8,ship
5079,1,automobile
5080,7,horse
5081,5,dog
5082,6,frog
5083,9,truck
5084,3,cat
5085,2,bird
5086,3,cat
5087,9,truck
5088,8,ship
5089,6,frog
5090,9,truck
5091,0,airplane
5092,9,truck
5093,0,airplane
5094,9,truck
5095,8,ship
5096,7,horse
5097,7,horse
5098,5,dog
5099,2,bird
5100,3,cat
5101,5,dog
5102,3,cat
5103,7,horse
5104,8,ship
5105,7,horse
5106,5,dog
5107,9,truck
5108,1,automobile
5109,9,truck
5110,8,ship
5111,6,frog
5112,5,dog
5113,4,deer
5114,7,horse
5115,5,dog
5116,6,frog
5117,7,horse
5118,2,bird
5119,5,dog
5120,9,truck
5121,6,frog
5122,6,frog
5123,7,horse
5124,0,airplane
5125,1,automobile
5126,0,airplane
5127,1,automobile
5128,3,cat
5129,2,bird
5130,5,dog
5131,6,frog
5132,1,automobile
5133,2,bird
5134,5,dog
5135,1,automobile
5136,9,truck
5137,9,truck
5138,8,ship
5139,4,deer
5140,8,ship
5141,6,frog
5142,8,ship
5143,9,truck
5144,0,airplane
5145,4,deer
5146,0,airplane
5147,3,cat
5148,3,cat
5149,6,frog
5150,4,deer
5151,9,truck
5152,9,truck
5153,7,horse
5154,2,bird
5155,3,cat
5156,5,dog
5157,6,frog
5158,4,deer
5159,6,frog
5160,0,airplane
5161,3,cat
5162,0,airplane
5163,5,dog
5164,0,airplane
5165,2,bird
5166,8,ship
5167,6,frog
5168,7,horse
5169,2,bird
5170,9,truck
5171,2,bird
5172,7,horse
5173,0,airplane
5174,6,frog
5175,6,frog
5176,3,cat
5177,3,cat
5178,5,dog
5179,5,dog
5180,9,truck
5181,1,automobile
5182,1,automobile
5183,5,dog
5184,4,deer
5185,3,cat
5186,5,dog
5187,4,deer
5188,8,ship
5189,0,airplane
5190,0,airplane
5191,3,cat
5192,9,truck
5193,4,deer
5194,7,horse
5195,4,deer
5196,2,bird
5197,8,ship
5198,3,cat
5199,3,cat
5200,2,bird
5201,1,automobile
5202,9,truck
5203,6,frog
5204,3,cat
5205,8,ship
5206,3,cat
5207,8,ship
5208,4,deer
5209,7,horse
5210,5,dog
5211,7,horse
5212,5,dog
5213,2,bird
5214,1,automobile
5215,2,bird
5216,6,frog
5217,1,automobile
5218,3,cat
5219,2,bird
5220,0,airplane
5221,7,horse
5222,5,dog
5223,0,airplane
5224,2,bird
5225,0,airplane
5226,1,automobile
5227,7,horse
5228,3,cat
5229,3,cat
5230,8,ship
5231,4,deer
5232,2,bird
5233,1,automobile
5234,7,horse
5235,1,automobile
5236,0,airplane
5237,4,deer
5238,2,bird
5239,4,deer
5240,9,truck
5241,4,deer
5242,0,airplane
5243,1,automobile
5244,2,bird
5245,1,automobile
5246,7,horse
5247,7,horse
5248,9,truck
5249,8,ship
5250,7,horse
5251,5,dog
5252,4,deer
5253,0,airplane
5254,9,truck
5255,0,airplane
5256,0,airplane
5257,8,ship
5258,2,bird
5259,0,airplane
5260,0,airplane
5261,8,ship
5262,4,deer
5263,8,ship
5264,6,frog
5265,2,bird
5266,7,horse
5267,6,frog
5268,3,cat
5269,5,dog
5270,1,automobile
5271,5,dog
5272,3,cat
5273,7,horse
5274,2,bird
5275,7,horse
5276,1,automobile
5277,0,airplane
5278,0,airplane
5279,0,airplane
5280,0,airplane
5281,3,cat
5282,4,deer
5283,7,horse
5284,6,frog
5285,1,automobile
5286,6,frog
5287,7,horse
5288,4,deer
5289,4,deer
5290,5,dog
5291,9,truck
5292,4,deer
5293,0,airplane
5294,8,ship
5295,0,airplane
5296,4,deer
5297,6,frog
5298,5,dog
5299,7,horse
5300,9,truck
5301,7,horse
5302,0,airplane
5303,5,dog
5304,7,horse
5305,7,horse
5306,3,cat
5307,1,automobile
5308,9,truck
5309,3,cat
5310,0,airplane
5311,1,automobile
5312,5,dog
5313,3,cat
5314,7,horse
5315,9,truck
5316,4,deer
5317,7,horse
5318,1,automobile
5319,7,horse
5320,7,horse
5321,1,automobile
5322,4,deer
5323,1,automobile
5324,7,horse
5325,8,ship
5326,7,horse
5327,0,airplane
5328,0,airplane
5329,4,deer
5330,7,horse
5331,2,bird
5332,9,truck
5333,7,horse
5334,6,frog
5335,9,truck
5336,3,cat
5337,5,dog
5338,8,ship
5339,0,airplane
5340,3,cat
5341,3,cat
5342,8,ship
5343,3,cat
5344,2,bird
5345,4,deer
5346,7,horse
5347,1,automobile
5348,1,automobile
5349,3,cat
5350,9,truck
5351,7,horse
5352,5,dog
5353,1,automobile
5354,0,airplane
5355,8,ship
5356,7,horse
5357,0,airplane
5358,1,automobile
5359,6,frog
5360,9,truck
5361,3,cat
5362,2,bird
5363,7,horse
5364,7,horse
5365,8,ship
5366,1,automobile
5367,0,airplane
5368,3,cat
5369,2,bird
5370,3,cat
5371,7,horse
5372,5,dog
5373,2,bird
5374,0,airplane
5375,1,automobile
5376,8,ship
5377,5,dog
5378,1,automobile
5379,4,deer
5380,1,automobile
5381,3,cat
5382,0,airplane
5383,8,ship
5384,6,frog
5385,2,bird
5386,1,automobile
5387,3,cat
5388,3,cat
5389,7,horse
5390,1,automobile
5391,9,truck
5392,0,airplane
5393,4,deer
5394,1,automobile
5395,0,airplane
5396,1,automobile
5397,9,truck
5398,8,ship
5399,6,frog
5400,9,truck
5401,2,bird
5402,4,deer
5403,7,horse
5404,2,bird
5405,2,bird
5406,7,horse
5407,4,deer
5408,9,truck
5409,1,automobile
5410,5,dog
5411,2,bird
5412,6,frog
5413,3,cat
5414,7,horse
5415,7,horse
5416,9,truck
5417,4,deer
5418,8,ship
5419,2,bird
5420,6,frog
5421,6,frog
5422,1,automobile
5423,6,frog
5424,3,cat
5425,6,frog
5426,3,cat
5427,8,ship
5428,5,dog
5429,6,frog
5430,7,horse
5431,1,automobile
5432,9,truck
5433,3,cat
5434,6,frog
5435,7,horse
5436,6,frog
5437,0,airplane
5438,7,horse
5439,1,automobile
5440,9,truck
5441,5,dog
5442,2,bird
5443,3,cat
5444,7,horse
5445,7,horse
5446,6,frog
5447,5,dog
5448,9,truck
5449,1,automobile
5450,5,dog
5451,6,frog
5452,0,airplane
5453,2,bird
5454,0,airplane
5455,9,truck
5456,1,automobile
5457,8,ship
5458,7,horse
5459,5,dog
5460,0,airplane
5461,0,airplane
5462,0,airplane
5463,5,dog
5464,7,horse
5465,7,horse
5466,8,ship
5467,5,dog
5468,5,dog
5469,5,dog
5470,1,automobile
5471,6,frog
5472,9,truck
5473,5,dog
5474,1,automobile
5475,0,airplane
5476,6,frog
5477,2,bird
5478,3,cat
5479,2,bird
5480,1,automobile
5481,7,horse
5482,5,dog
5483,1,automobile
5484,9,truck
5485,8,ship
5486,3,cat
5487,5,dog
5488,9,truck
5489,7,horse
5490,3,cat
5491,0,airplane
5492,4,deer
5493,3,cat
5494,9,truck
5495,4,deer
5496,3,cat
5497,3,cat
5498,9,truck
5499,2,bird
5500,8,ship
5501,2,bird
5502,6,frog
5503,8,ship
5504,5,dog
5505,4,deer
5506,3,cat
5507,6,frog
5508,7,horse
5509,7,horse
5510,4,deer
5511,6,frog
5512,9,truck
5513,6,frog
5514,2,bird
5515,4,deer
5516,0,airplane
5517,1,automobile
5518,3,cat
5519,6,frog
5520,4,deer
5521,9,truck
5522,2,bird
5523,6,frog
5524,0,airplane
5525,3,cat
5526,8,ship
5527,7,horse
5528,5,dog
5529,1,automobile
5530,3,cat
5531,8,ship
5532,3,cat
5533,2,bird
5534,6,frog
5535,3,cat
5536,6,frog
5537,2,bird
5538,7,horse
5539,4,deer
5540,5,dog
5541,7,horse
5542,9,truck
5543,0,airplane
5544,0,airplane
5545,6,frog
5546,7,horse
5547,2,bird
5548,8,ship
5549,2,bird
5550,5,dog
5551,7,horse
5552,5,dog
5553,5,dog
5554,9,truck
5555,4,deer
5556,6,frog
5557,4,deer
5558,7,horse
5559,3,cat
5560,3,cat
5561,6,frog
5562,7,horse
5563,1,automobile
5564,6,frog
5565,3,cat
5566,1,automobile
5567,3,cat
5568,7,horse
5569,0,airplane
5570,5,dog
5571,0,airplane
5572,1,automobile
5573,9,truck
5574,7,horse
5575,3,cat
5576,5,dog
5577,2,bird
5578,3,cat
5579,9,truck
5580,5,dog
5581,6,frog
5582,2,bird
5583,0,airplane
5584,0,airplane
5585,0,airplane
5586,8,ship
5587,0,airplane
5588,3,cat
5589,2,bird
5590,4,deer
5591,5,dog
5592,3,cat
5593,7,horse
5594,9,truck
5595,6,frog
5596,9,truck
5597,3,cat
5598,1,automobile
5599,2,bird
5600,6,frog
5601,7,horse
5602,7,horse
5603,4,deer
5604,1,automobile
5605,3,cat
5606,7,horse
5607,6,frog
5608,9,truck
5609,5,dog
5610,8,ship
5611,5,dog
5612,8,ship
5613,5,dog
5614,8,ship
5615,5,dog
5616,6,frog
5617,5,dog
5618,0,airplane
5619,8,ship
5620,5,dog
5621,8,ship
5622,1,automobile
5623,8,ship
5624,1,automobile
5625,3,cat
5626,0,airplane
5627,9,truck
5628,1,automobile
5629,2,bird
5630,3,cat
5631,6,frog
5632,5,dog
5633,4,deer
5634,4,deer
5635,7,horse
5636,7,horse
5637,7,horse
5638,4,deer
5639,3,cat
5640,2,bird
5641,4,deer
5642,4,deer
5643,5,dog
5644,7,horse
5645,3,cat
5646,4,deer
5647,2,bird
5648,8,ship
5649,0,airplane
5650,5,dog
5651,4,deer
5652,0,airplane
5653,5,dog
5654,5,dog
5655,3,cat
5656,3,cat
5657,2,bird
5658,4,deer
5659,2,bird
5660,9,truck
5661,4,deer
5662,8,ship
5663,8,ship
5664,6,frog
5665,2,bird
5666,3,cat
5667,1,automobile
5668,7,horse
5669,0,airplane
5670,4,deer
5671,3,cat
5672,8,ship
5673,7,horse
5674,9,truck
5675,7,horse
5676,6,frog
5677,7,horse
5678,1,automobile
5679,0,airplane
5680,2,bird
5681,3,cat
5682,5,dog
5683,6,frog
5684,7,horse
5685,1,automobile
5686,6,frog
5687,2,bird
5688,8,ship
5689,3,cat
5690,4,deer
5691,2,bird
5692,5,dog
5693,7,horse
5694,3,cat
5695,7,horse
5696,7,horse
5697,1,automobile
5698,7,horse
5699,4,deer
5700,3,cat
5701,3,cat
5702,4,deer
5703,0,airplane
5704,4,deer
5705,2,bird
5706,7,horse
5707,0,airplane
5708,7,horse
5709,2,bird
5710,6,frog
5711,6,frog
5712,2,bird
5713,5,dog
5714,2,bird
5715,2,bird
5716,0,airplane
5717,4,deer
5718,1,automobile
5719,2,bird
5720,9,truck
5721,2,bird
5722,0,airplane
5723,1,automobile
5724,5,dog
5725,5,dog
5726,1,automobile
5727,6,frog
5728,7,horse
5729,0,airplane
5730,5,dog
5731,6,frog
5732,3,cat
5733,3,cat
5734,6,frog
5735,0,airplane
5736,1,automobile
5737,9,truck
5738,2,bird
5739,2,bird
5740,6,frog
5741,1,automobile
5742,4,deer
5743,6,frog
5744,2,bird
5745,5,dog
5746,7,horse
5747,8,ship
5748,8,ship
5749,3,cat
5750,6,frog
5751,4,deer
5752,3,cat
5753,2,bird
5754,3,cat
5755,6,frog
5756,4,deer
5757,4,deer
5758,8,ship
5759,9,truck
5760,2,bird
5761,6,frog
5762,0,airplane
5763,9,truck
5764,7,horse
5765,9,truck
5766,8,ship
5767,7,horse
5768,7,horse
5769,3,cat
5770,8,ship
5771,2,bird
5772,9,truck
5773,3,cat
5774,5,dog
5775,7,horse
5776,5,dog
5777,8,ship
5778,7,horse
5779,3,cat
5780,7,horse
5781,0,airplane
5782,7,horse
5783,9,truck
5784,6,frog
5785,2,bird
5786,7,horse
5787,8,ship
5788,0,airplane
5789,4,deer
5790,9,truck
5791,8,ship
5792,2,bird
5793,8,ship
5794,7,horse
5795,7,horse
5796,5,dog
5797,5,dog
5798,0,airplane
5799,1,automobile
5800,2,bird
5801,9,truck
5802,5,dog
5803,1,automobile
5804,0,airplane
5805,1,automobile
5806,0,airplane
5807,2,bird
5808,5,dog
5809,2,bird
5810,5,dog
5811,7,horse
5812,4,deer
5813,4,deer
5814,8,ship
5815,4,deer
5816,5,dog
5817,3,cat
5818,7,horse
5819,2,bird
5820,5,dog
5821,8,ship
5822,4,deer
5823,5,dog
5824,7,horse
5825,3,cat
5826,7,horse
5827,0,airplane
5828,5,dog
5829,4,deer
5830,3,cat
5831,6,frog
5832,9,truck
5833,3,cat
5834,5,dog
5835,3,cat
5836,8,ship
5837,3,cat
5838,4,deer
5839,2,bird
5840,2,bird
5841,4,deer
5842,7,horse
5843,6,frog
5844,0,airplane
5845,5,dog
5846,5,dog
5847,8,ship
5848,4,deer
5849,5,dog
5850,6,frog
5851,1,automobile
5852,3,cat
5853,5,dog
5854,4,deer
5855,7,horse
5856,3,cat
5857,0,airplane
5858,7,horse
5859,2,bird
5860,0,airplane
5861,1,automobile
5862,3,cat
5863,4,deer
5864,9,truck
5865,6,frog
5866,4,deer
5867,5,dog
5868,9,truck
5869,7,horse
5870,7,horse
5871,6,frog
5872,7,horse
5873,4,deer
5874,3,cat
5875,1,automobile
5876,8,ship
5877,9,truck
5878,4,deer
5879,8,ship
5880,0,airplane
5881,5,dog
5882,9,truck
5883,6,frog
5884,4,deer
5885,4,deer
5886,2,bird
5887,1,automobile
5888,4,deer
5889,6,frog
5890,3,cat
5891,0,airplane
5892,8,ship
5893,9,truck
5894,7,horse
5895,6,frog
5896,1,automobile
5897,4,deer
5898,8,ship
5899,1,automobile
5900,4,deer
5901,5,dog
5902,9,truck
5903,4,deer
5904,7,horse
5905,1,automobile
5906,4,deer
5907,5,dog
5908,4,deer
5909,1,automobile
5910,7,horse
5911,6,frog
5912,4,deer
5913,7,horse
5914,1,automobile
5915,5,dog
5916,9,truck
5917,3,cat
5918,1,automobile
5919,4,deer
5920,0,airplane
5921,7,horse
5922,7,horse
5923,0,airplane
5924,4,deer
5925,3,cat
5926,4,deer
5927,6,frog
5928,7,horse
5929,7,horse
5930,5,dog
5931,4,deer
5932,4,deer
5933,4,deer
5934,3,cat
5935,6,frog
5936,3,cat
5937,1,automobile
5938,9,truck
5939,9,truck
5940,7,horse
5941,9,truck
5942,4,deer
5943,3,cat
5944,2,bird
5945,9,truck
5946,8,ship
5947,5,dog
5948,0,airplane
5949,6,frog
5950,9,truck
5951,0,airplane
5952,9,truck
5953,7,horse
5954,8,ship
5955,5,dog
5956,7,horse
5957,4,deer
5958,9,truck
5959,2,bird
5960,2,bird
5961,6,frog
5962,6,frog
5963,1,automobile
5964,1,automobile
5965,7,horse
5966,9,truck
5967,9,truck
5968,0,airplane
5969,5,dog
5970,1,automobile
5971,1,automobile
5972,0,airplane
5973,6,frog
5974,9,truck
5975,9,truck
5976,5,dog
5977,6,frog
5978,3,cat
5979,5,dog
5980,9,truck
5981,7,horse
5982,9,truck
5983,4,deer
5984,5,dog
5985,4,deer
5986,3,cat
5987,3,cat
5988,9,truck
5989,8,ship
5990,8,ship
5991,5,dog
5992,7,horse
5993,8,ship
5994,4,deer
5995,0,airplane
5996,2,bird
5997,0,airplane
5998,7,horse
5999,2,bird
6000,8,ship
6001,0,airplane
6002,2,bird
6003,0,airplane
6004,7,horse
6005,4,deer
6006,0,airplane
6007,6,frog
6008,3,cat
6009,3,cat
6010,1,automobile
6011,7,horse
6012,4,deer
6013,5,dog
6014,5,dog
6015,0,airplane
6016,3,cat
6017,9,truck
6018,5,dog
6019,6,frog
6020,6,frog
6021,3,cat
6022,0,airplane
6023,5,dog
6024,2,bird
6025,6,frog
6026,3,cat
6027,3,cat
6028,8,ship
6029,0,airplane
6030,8,ship
6031,5,dog
6032,4,deer
6033,2,bird
6034,9,truck
6035,5,dog
6036,0,airplane
6037,5,dog
6038,4,deer
6039,8,ship
6040,2,bird
6041,7,horse
6042,6,frog
6043,2,bird
6044,7,horse
6045,8,ship
6046,2,bird
6047,0,airplane
6048,1,automobile
6049,8,ship
6050,7,horse
6051,4,deer
6052,8,ship
6053,4,deer
6054,3,cat
6055,0,airplane
6056,4,deer
6057,0,airplane
6058,1,automobile
6059,9,truck
6060,3,cat
6061,0,airplane
6062,3,cat
6063,6,frog
6064,3,cat
6065,5,dog
6066,2,bird
6067,8,ship
6068,3,cat
6069,0,airplane
6070,8,ship
6071,7,horse
6072,5,dog
6073,2,bird
6074,7,horse
6075,3,cat
6076,7,horse
6077,0,airplane
6078,2,bird
6079,4,deer
6080,1,automobile
6081,0,airplane
6082,0,airplane
6083,2,bird
6084,1,automobile
6085,2,bird
6086,1,automobile
6087,4,deer
6088,3,cat
6089,7,horse
6090,1,automobile
6091,0,airplane
6092,5,dog
6093,2,bird
6094,5,dog
6095,9,truck
6096,2,bird
6097,5,dog
6098,6,frog
6099,7,horse
6100,1,automobile
6101,9,truck
6102,3,cat
6103,6,frog
6104,1,automobile
6105,0,airplane
6106,2,bird
6107,9,truck
6108,4,deer
6109,2,bird
6110,9,truck
6111,4,deer
6112,8,ship
6113,2,bird
6114,9,truck
6115,8,ship
6116,6,frog
6117,1,automobile
6118,0,airplane
6119,1,automobile
6120,3,cat
6121,2,bird
6122,5,dog
6123,6,frog
6124,0,airplane
6125,8,ship
6126,3,cat
6127,2,bird
6128,0,airplane
6129,4,deer
6130,1,automobile
6131,3,cat
6132,7,horse
6133,0,airplane
6134,3,cat
6135,3,cat
6136,9,truck
6137,2,bird
6138,3,cat
6139,9,truck
6140,9,truck
6141,8,ship
6142,5,dog
6143,9,truck
6144,7,horse
6145,2,bird
6146,1,automobile
6147,9,truck
6148,7,horse
6149,7,horse
6150,1,automobile
6151,7,horse
6152,6,frog
6153,4,deer
6154,4,deer
6155,8,ship
6156,9,truck
6157,8,ship
6158,7,horse
6159,1,automobile
6160,2,bird
6161,7,horse
6162,0,airplane
6163,3,cat
6164,7,horse
6165,5,dog
6166,1,automobile
6167,9,truck
6168,3,cat
6169,5,dog
6170,2,bird
6171,4,deer
6172,1,automobile
6173,1,automobile
6174,5,dog
6175,3,cat
6176,9,truck
6177,2,bird
6178,5,dog
6179,8,ship
6180,0,airplane
6181,8,ship
6182,1,automobile
6183,3,cat
6184,1,automobile
6185,5,dog
6186,9,truck
6187,0,airplane
6188,9,truck
6189,2,bird
6190,4,deer
6191,0,airplane
6192,6,frog
6193,9,truck
6194,1,automobile
6195,1,automobile
6196,3,cat
6197,3,cat
6198,9,truck
6199,5,dog
6200,3,cat
6201,3,cat
6202,5,dog
6203,3,cat
6204,4,deer
6205,1,automobile
6206,6,frog
6207,9,truck
6208,8,ship
6209,7,horse
6210,4,deer
6211,8,ship
6212,7,horse
6213,3,cat
6214,5,dog
6215,2,bird
6216,2,bird
6217,8,ship
6218,9,truck
6219,7,horse
6220,2,bird
6221,0,airplane
6222,0,airplane
6223,7,horse
6224,5,dog
6225,3,cat
6226,5,dog
6227,7,horse
6228,7,horse
6229,6,frog
6230,2,bird
6231,8,ship
6232,2,bird
6233,7,horse
6234,7,horse
6235,6,frog
6236,1,automobile
6237,3,cat
6238,8,ship
6239,8,ship
6240,2,bird
6241,0,airplane
6242,7,horse
6243,2,bird
6244,8,ship
6245,6,frog
6246,4,deer
6247,0,airplane
6248,2,bird
6249,5,dog
6250,4,deer
6251,1,automobile
6252,2,bird
6253,5,dog
6254,4,deer
6255,6,frog
6256,9,truck
6257,4,deer
6258,2,bird
6259,5,dog
6260,2,bird
6261,0,airplane
6262,8,ship
6263,0,airplane
6264,6,frog
6265,4,deer
6266,7,horse
6267,1,automobile
6268,5,dog
6269,7,horse
6270,2,bird
6271,6,frog
6272,2,bird
6273,1,automobile
6274,9,truck
6275,9,truck
6276,7,horse
6277,2,bird
6278,5,dog
6279,1,automobile
6280,8,ship
6281,1,automobile
6282,2,bird
6283,5,dog
6284,0,airplane
6285,8,ship
6286,8,ship
6287,5,dog
6288,6,frog
6289,9,truck
6290,9,truck
6291,9,truck
6292,6,frog
6293,3,cat
6294,0,airplane
6295,8,ship
6296,8,ship
6297,5,dog
6298,3,cat
6299,3,cat
6300,1,automobile
6301,1,automobile
6302,0,airplane
6303,7,horse
6304,0,airplane
6305,6,frog
6306,0,airplane
6307,4,deer
6308,4,deer
6309,6,frog
6310,5,dog
6311,3,cat
6312,2,bird
6313,9,truck
6314,6,frog
6315,6,frog
6316,7,horse
6317,9,truck
6318,7,horse
6319,7,horse
6320,0,airplane
6321,8,ship
6322,7,horse
6323,2,bird
6324,7,horse
6325,7,horse
6326,4,deer
6327,4,deer
6328,0,airplane
6329,1,automobile
6330,6,frog
6331,0,airplane
6332,5,dog
6333,3,cat
6334,0,airplane
6335,2,bird
6336,7,horse
6337,9,truck
6338,7,horse
6339,3,cat
6340,3,cat
6341,2,bird
6342,8,ship
6343,8,ship
6344,5,dog
6345,5,dog
6346,8,ship
6347,0,airplane
6348,8,ship
6349,0,airplane
6350,0,airplane
6351,0,airplane
6352,2,bird
6353,2,bird
6354,7,horse
6355,0,airplane
6356,5,dog
6357,7,horse
6358,7,horse
6359,2,bird
6360,2,bird
6361,0,airplane
6362,4,deer
6363,0,airplane
6364,3,cat
6365,7,horse
6366,8,ship
6367,4,deer
6368,7,horse
6369,9,truck
6370,6,frog
6371,9,truck
6372,1,automobile
6373,6,frog
6374,9,truck
6375,3,cat
6376,8,ship
6377,9,truck
6378,5,dog
6379,8,ship
6380,3,cat
6381,9,truck
6382,4,deer
6383,7,horse
6384,7,horse
6385,5,dog
6386,5,dog
6387,4,deer
6388,7,horse
6389,5,dog
6390,7,horse
6391,9,truck
6392,6,frog
6393,3,cat
6394,8,ship
6395,8,ship
6396,4,deer
6397,3,cat
6398,4,deer
6399,1,automobile
6400,0,airplane
6401,7,horse
6402,8,ship
6403,4,deer
6404,7,horse
6405,1,automobile
6406,3,cat
6407,2,bird
6408,0,airplane
6409,9,truck
6410,1,automobile
6411,8,ship
6412,8,ship
6413,6,frog
6414,8,ship
6415,1,automobile
6416,7,horse
6417,1,automobile
6418,0,airplane
6419,9,truck
6420,7,horse
6421,6,frog
6422,4,deer
6423,4,deer
6424,8,ship
6425,2,bird
6426,1,automobile
6427,2,bird
6428,5,dog
6429,8,ship
6430,1,automobile
6431,1,automobile
6432,0,airplane
6433,8,ship
6434,0,airplane
6435,9,truck
6436,0,airplane
6437,0,airplane
6438,4,deer
6439,3,cat
6440,5,dog
6441,5,dog
6442,6,frog
6443,6,frog
6444,3,cat
6445,1,automobile
6446,4,deer
6447,4,deer
6448,7,horse
6449,8,ship
6450,0,airplane
6451,1,automobile
6452,4,deer
6453,8,ship
6454,4,deer
6455,6,frog
6456,2,bird
6457,4,deer
6458,2,bird
6459,6,frog
6460,3,cat
6461,3,cat
6462,0,airplane
6463,8,ship
6464,1,automobile
6465,3,cat
6466,2,bird
6467,3,cat
6468,8,ship
6469,9,truck
6470,1,automobile
6471,6,frog
6472,1,automobile
6473,9,truck
6474,8,ship
6475,2,bird
6476,0,airplane
6477,4,deer
6478,7,horse
6479,4,deer
6480,0,airplane
6481,8,ship
6482,7,horse
6483,6,frog
6484,8,ship
6485,9,truck
6486,8,ship
6487,6,frog
6488,2,bird
6489,8,ship
6490,1,automobile
6491,0,airplane
6492,1,automobile
6493,1,automobile
6494,0,airplane
6495,7,horse
6496,7,horse
6497,4,deer
6498,7,horse
6499,7,horse
6500,7,horse
6501,2,bird
6502,6,frog
6503,6,frog
6504,7,horse
6505,4,deer
6506,3,cat
6507,7,horse
6508,0,airplane
6509,9,truck
6510,4,deer
6511,7,horse
6512,2,bird
6513,7,horse
6514,3,cat
6515,5,dog
6516,4,deer
6517,7,horse
6518,6,frog
6519,6,frog
6520,6,frog
6521,4,deer
6522,9,truck
6523,6,frog
6524,8,ship
6525,3,cat
6526,8,ship
6527,5,dog
6528,5,dog
6529,6,frog
6530,3,cat
6531,4,deer
6532,5,dog
6533,2,bird
6534,7,horse
6535,5,dog
6536,1,automobile
6537,5,dog
6538,3,cat
6539,7,horse
6540,8,ship
6541,8,ship
6542,9,truck
6543,6,frog
6544,0,airplane
6545,9,truck
6546,2,bird
6547,6,frog
6548,0,airplane
6549,0,airplane
6550,1,automobile
6551,4,deer
6552,1,automobile
6553,3,cat
6554,5,dog
6555,1,automobile
6556,8,ship
6557,9,truck
6558,6,frog
6559,4,deer
6560,4,deer
6561,9,truck
6562,8,ship
6563,6,frog
6564,5,dog
6565,9,truck
6566,1,automobile
6567,4,deer
6568,2,bird
6569,9,truck
6570,1,automobile
6571,5,dog
6572,4,deer
6573,7,horse
6574,0,airplane
6575,3,cat
6576,7,horse
6577,1,automobile
6578,6,frog
6579,9,truck
6580,1,automobile
6581,1,automobile
6582,4,deer
6583,0,airplane
6584,3,cat
6585,1,automobile
6586,3,cat
6587,3,cat
6588,0,airplane
6589,2,bird
6590,3,cat
6591,5,dog
6592,5,dog
6593,2,bird
6594,8,ship
6595,2,bird
6596,3,cat
6597,1,automobile
6598,6,frog
6599,2,bird
6600,7,horse
6601,0,airplane
6602,8,ship
6603,9,truck
6604,2,bird
6605,6,frog
6606,4,deer
6607,7,horse
6608,5,dog
6609,5,dog
6610,8,ship
6611,8,ship
6612,7,horse
6613,8,ship
6614,5,dog
6615,7,horse
6616,4,deer
6617,4,deer
6618,0,airplane
6619,0,airplane
6620,7,horse
6621,0,airplane
6622,4,deer
6623,0,airplane
6624,4,deer
6625,4,deer
6626,2,bird
6627,5,dog
6628,4,deer
6629,0,airplane
6630,7,horse
6631,7,horse
6632,7,horse
6633,0,airplane
6634,4,deer
6635,6,frog
6636,2,bird
6637,9,truck
6638,1,automobile
6639,1,automobile
6640,5,dog
6641,0,airplane
6642,9,truck
6643,9,truck
6644,0,airplane
6645,6,frog
6646,3,cat
6647,3,cat
6648,0,airplane
6649,9,truck
6650,0,airplane
6651,6,frog
6652,2,bird
6653,0,airplane
6654,6,frog
6655,1,automobile
6656,3,cat
6657,7,horse
6658,3,cat
6659,1,automobile
6660,0,airplane
6661,4,deer
6662,5,dog
6663,0,airplane
6664,4,deer
6665,4,deer
6666,2,bird
6667,7,horse
6668,6,frog
6669,4,deer
6670,3,cat
6671,5,dog
6672,1,automobile
6673,4,deer
6674,5,dog
6675,2,bird
6676,0,airplane
6677,5,dog
6678,7,horse
6679,2,bird
6680,3,cat
6681,9,truck
6682,4,deer
6683,5,dog
6684,8,ship
6685,1,automobile
6686,9,truck
6687,3,cat
6688,1,automobile
6689,8,ship
6690,5,dog
6691,8,ship
6692,6,frog
6693,6,frog
6694,3,cat
6695,6,frog
6696,0,airplane
6697,2,bird
6698,3,cat
6699,2,bird
6700,6,frog
6701,1,automobile
6702,8,ship
6703,2,bird
6704,1,automobile
6705,3,cat
6706,6,frog
6707,2,bird
6708,2,bird
6709,3,cat
6710,3,cat
6711,5,dog
6712,0,airplane
6713,2,bird
6714,1,automobile
6715,2,bird
6716,8,ship
6717,0,airplane
6718,8,ship
6719,2,bird
6720,2,bird
6721,7,horse
6722,3,cat
6723,5,dog
6724,9,truck
6725,8,ship
6726,6,frog
6727,6,frog
6728,1,automobile
6729,0,airplane
6730,8,ship
6731,6,frog
6732,3,cat
6733,5,dog
6734,8,ship
6735,9,truck
6736,4,deer
6737,8,ship
6738,0,airplane
6739,0,airplane
6740,2,bird
6741,9,truck
6742,1,automobile
6743,8,ship
6744,3,cat
6745,7,horse
6746,7,horse
6747,8,ship
6748,0,airplane
6749,9,truck
6750,9,truck
6751,8,ship
6752,9,truck
6753,2,bird
6754,8,ship
6755,9,truck
6756,3,cat
6757,4,deer
6758,8,ship
6759,9,truck
6760,5,dog
6761,5,dog
6762,7,horse
6763,2,bird
6764,2,bird
6765,8,ship
6766,8,ship
6767,1,automobile
6768,2,bird
6769,3,cat
6770,1,automobile
6771,5,dog
6772,0,airplane
6773,2,bird
6774,3,cat
6775,0,airplane
6776,8,ship
6777,2,bird
6778,3,cat
6779,8,ship
6780,7,horse
6781,3,cat
6782,5,dog
6783,3,cat
6784,9,truck
6785,3,cat
6786,5,dog
6787,5,dog
6788,1,automobile
6789,1,automobile
6790,7,horse
6791,7,horse
6792,1,automobile
6793,3,cat
6794,8,ship
6795,9,truck
6796,6,frog
6797,0,airplane
6798,8,ship
6799,1,automobile
6800,6,frog
6801,6,frog
6802,4,deer
6803,6,frog
6804,9,truck
6805,1,automobile
6806,1,automobile
6807,7,horse
6808,0,airplane
6809,2,bird
6810,8,ship
6811,9,truck
6812,0,airplane
6813,6,frog
6814,9,truck
6815,0,airplane
6816,1,automobile
6817,1,automobile
6818,7,horse
6819,2,bird
6820,1,automobile
6821,2,bird
6822,4,deer
6823,5,dog
6824,0,airplane
6825,7,horse
6826,6,frog
6827,3,cat
6828,3,cat
6829,8,ship
6830,1,automobile
6831,8,ship
6832,1,automobile
6833,3,cat
6834,1,automobile
6835,5,dog
6836,4,deer
6837,5,dog
6838,1,automobile
6839,0,airplane
6840,9,truck
6841,1,automobile
6842,5,dog
6843,1,automobile
6844,7,horse
6845,4,deer
6846,9,truck
6847,8,ship
6848,9,truck
6849,7,horse
6850,2,bird
6851,0,airplane
6852,9,truck
6853,4,deer
6854,0,airplane
6855,7,horse
6856,6,frog
6857,2,bird
6858,1,automobile
6859,5,dog
6860,2,bird
6861,8,ship
6862,5,dog
6863,6,frog
6864,0,airplane
6865,3,cat
6866,4,deer
6867,8,ship
6868,9,truck
6869,2,bird
6870,7,horse
6871,1,automobile
6872,0,airplane
6873,3,cat
6874,6,frog
6875,5,dog
6876,7,horse
6877,0,airplane
6878,5,dog
6879,1,automobile
6880,2,bird
6881,2,bird
6882,9,truck
6883,7,horse
6884,0,airplane
6885,0,airplane
6886,1,automobile
6887,4,deer
6888,4,deer
6889,5,dog
6890,5,dog
6891,9,truck
6892,6,frog
6893,3,cat
6894,6,frog
6895,2,bird
6896,2,bird
6897,9,truck
6898,3,cat
6899,2,bird
6900,5,dog
6901,7,horse
6902,4,deer
6903,9,truck
6904,5,dog
6905,2,bird
6906,1,automobile
6907,6,frog
6908,6,frog
6909,4,deer
6910,7,horse
6911,6,frog
6912,2,bird
6913,3,cat
6914,8,ship
6915,1,automobile
6916,4,deer
6917,1,automobile
6918,4,deer
6919,4,deer
6920,5,dog
6921,6,frog
6922,2,bird
6923,0,airplane
6924,5,dog
6925,2,bird
6926,7,horse
6927,2,bird
6928,2,bird
6929,5,dog
6930,2,bird
6931,5,dog
6932,9,truck
6933,0,airplane
6934,6,frog
6935,7,horse
6936,9,truck
6937,8,ship
6938,3,cat
6939,2,bird
6940,1,automobile
6941,4,deer
6942,3,cat
6943,4,deer
6944,5,dog
6945,5,dog
6946,6,frog
6947,8,ship
6948,6,frog
6949,0,airplane
6950,8,ship
6951,9,truck
6952,8,ship
6953,0,airplane
6954,0,airplane
6955,7,horse
6956,6,frog
6957,6,frog
6958,7,horse
6959,5,dog
6960,9,truck
6961,8,ship
6962,7,horse
6963,9,truck
6964,5,dog
6965,2,bird
6966,0,airplane
6967,4,deer
6968,8,ship
6969,2,bird
6970,2,bird
6971,9,truck
6972,1,automobile
6973,3,cat
6974,9,truck
6975,8,ship
6976,3,cat
6977,7,horse
6978,4,deer
6979,5,dog
6980,8,ship
6981,2,bird
6982,1,automobile
6983,9,truck
6984,1,automobile
6985,0,airplane
6986,5,dog
6987,8,ship
6988,4,deer
6989,7,horse
6990,5,dog
6991,1,automobile
6992,4,deer
6993,5,dog
6994,3,cat
6995,1,automobile
6996,0,airplane
6997,8,ship
6998,8,ship
6999,8,ship
7000,2,bird
7001,9,truck
7002,5,dog
7003,7,horse
7004,3,cat
7005,1,automobile
7006,4,deer
7007,9,truck
7008,1,automobile
7009,6,frog
7010,0,airplane
7011,7,horse
7012,7,horse
7013,1,automobile
7014,3,cat
7015,3,cat
7016,3,cat
7017,1,automobile
7018,0,airplane
7019,2,bird
7020,7,horse
7021,1,automobile
7022,2,bird
7023,2,bird
7024,9,truck
7025,6,frog
7026,3,cat
7027,5,dog
7028,9,truck
7029,4,deer
7030,8,ship
7031,0,airplane
7032,4,deer
7033,8,ship
7034,0,airplane
7035,1,automobile
7036,3,cat
7037,7,horse
7038,0,airplane
7039,4,deer
7040,7,horse
7041,4,deer
7042,8,ship
7043,7,horse
7044,4,deer
7045,3,cat
7046,9,truck
7047,8,ship
7048,2,bird
7049,2,bird
7050,8,ship
7051,3,cat
7052,1,automobile
7053,1,automobile
7054,2,bird
7055,8,ship
7056,2,bird
7057,6,frog
7058,9,truck
7059,6,frog
7060,8,ship
7061,4,deer
7062,4,deer
7063,1,automobile
7064,5,dog
7065,2,bird
7066,6,frog
7067,9,truck
7068,0,airplane
7069,0,airplane
7070,7,horse
7071,1,automobile
7072,8,ship
7073,9,truck
7074,3,cat
7075,9,truck
7076,9,truck
7077,0,airplane
7078,7,horse
7079,7,horse
7080,5,dog
7081,4,deer
7082,2,bird
7083,6,frog
7084,4,deer
7085,5,dog
7086,7,horse
7087,7,horse
7088,8,ship
7089,7,horse
7090,4,deer
7091,6,frog
7092,2,bird
7093,2,bird
7094,4,deer
7095,4,deer
7096,0,airplane
7097,7,horse
7098,1,automobile
7099,5,dog
7100,9,truck
7101,6,frog
7102,0,airplane
7103,0,airplane
7104,2,bird
7105,3,cat
7106,8,ship
7107,2,bird
7108,2,bird
7109,4,deer
7110,3,cat
7111,5,dog
7112,2,bird
7113,9,truck
7114,1,automobile
7115,0,airplane
7116,2,bird
7117,2,bird
7118,5,dog
7119,7,horse
7120,7,horse
7121,9,truck
7122,9,truck
7123,6,frog
7124,5,dog
7125,5,dog
7126,0,airplane
7127,5,dog
7128,7,horse
7129,1,automobile
7130,6,frog
7131,3,cat
7132,4,deer
7133,1,automobile
7134,4,deer
7135,4,deer
7136,1,automobile
7137,5,dog
7138,0,airplane
7139,0,airplane
7140,4,deer
7141,5,dog
7142,8,ship
7143,3,cat
7144,8,ship
7145,3,cat
7146,0,airplane
7147,5,dog
7148,0,airplane
7149,5,dog
7150,7,horse
7151,1,automobile
7152,6,frog
7153,7,horse
7154,0,airplane
7155,9,truck
7156,1,automobile
7157,5,dog
7158,7,horse
7159,6,frog
7160,5,dog
7161,5,dog
7162,5,dog
7163,6,frog
7164,0,airplane
7165,0,airplane
7166,1,automobile
7167,7,horse
7168,1,automobile
7169,1,automobile
7170,9,truck
7171,2,bird
7172,4,deer
7173,1,automobile
7174,3,cat
7175,7,horse
7176,8,ship
7177,2,bird
7178,0,airplane
7179,9,truck
7180,6,frog
7181,2,bird
7182,0,airplane
7183,5,dog
7184,5,dog
7185,8,ship
7186,2,bird
7187,7,horse
7188,4,deer
7189,0,airplane
7190,2,bird
7191,7,horse
7192,7,horse
7193,8,ship
7194,8,ship
7195,7,horse
7196,0,airplane
7197,4,deer
7198,9,truck
7199,1,automobile
7200,4,deer
7201,4,deer
7202,5,dog
7203,5,dog
7204,4,deer
7205,6,frog
7206,2,bird
7207,3,cat
7208,1,automobile
7209,0,airplane
7210,3,cat
7211,3,cat
7212,3,cat
7213,6,frog
7214,5,dog
7215,1,automobile
7216,2,bird
7217,0,airplane
7218,9,truck
7219,7,horse
7220,9,truck
7221,3,cat
7222,8,ship
7223,7,horse
7224,3,cat
7225,1,automobile
7226,7,horse
7227,7,horse
7228,2,bird
7229,5,dog
7230,2,bird
7231,8,ship
7232,1,automobile
7233,5,dog
7234,9,truck
7235,2,bird
7236,1,automobile
7237,7,horse
7238,4,deer
7239,4,deer
7240,0,airplane
7241,3,cat
7242,7,horse
7243,1,automobile
7244,5,dog
7245,4,deer
7246,2,bird
7247,8,ship
7248,4,deer
7249,9,truck
7250,8,ship
7251,7,horse
7252,8,ship
7253,4,deer
7254,2,bird
7255,3,cat
7256,4,deer
7257,0,airplane
7258,5,dog
7259,4,deer
7260,1,automobile
7261,8,ship
7262,2,bird
7263,5,dog
7264,4,deer
7265,5,dog
7266,2,bird
7267,5,dog
7268,3,cat
7269,7,horse
7270,9,truck
7271,7,horse
7272,1,automobile
7273,4,deer
7274,1,automobile
7275,3,cat
7276,1,automobile
7277,4,deer
7278,5,dog
7279,5,dog
7280,1,automobile
7281,7,horse
7282,1,automobile
7283,3,cat
7284,0,airplane
7285,1,automobile
7286,2,bird
7287,5,dog
7288,4,deer
7289,0,airplane
7290,6,frog
7291,3,cat
7292,5,dog
7293,7,horse
7294,5,dog
7295,5,dog
7296,8,ship
7297,9,truck
7298,4,deer
7299,3,cat
7300,3,cat
7301,6,frog
7302,6,frog
7303,8,ship
7304,2,bird
7305,6,frog
7306,4,deer
7307,8,ship
7308,4,deer
7309,1,automobile
7310,3,cat
7311,1,automobile
7312,2,bird
7313,3,cat
7314,5,dog
7315,0,airplane
7316,1,automobile
7317,6,frog
7318,4,deer
7319,2,bird
7320,8,ship
7321,2,bird
7322,4,deer
7323,3,cat
7324,1,automobile
7325,4,deer
7326,4,deer
7327,4,deer
7328,4,deer
7329,1,automobile
7330,5,dog
7331,5,dog
7332,7,horse
7333,6,frog
7334,5,dog
7335,4,deer
7336,5,dog
7337,6,frog
7338,5,dog
7339,6,frog
7340,2,bird
7341,4,deer
7342,5,dog
7343,7,horse
7344,4,deer
7345,6,frog
7346,5,dog
7347,0,airplane
7348,2,bird
7349,3,cat
7350,9,truck
7351,2,bird
7352,3,cat
7353,8,ship
7354,0,airplane
7355,7,horse
7356,2,bird
7357,6,frog
7358,8,ship
7359,1,automobile
7360,2,bird
7361,8,ship
7362,9,truck
7363,1,automobile
7364,5,dog
7365,4,deer
7366,2,bird
7367,3,cat
7368,5,dog
7369,5,dog
7370,3,cat
7371,6,frog
7372,5,dog
7373,0,airplane
7374,3,cat
7375,5,dog
7376,1,automobile
7377,3,cat
7378,3,cat
7379,7,horse
7380,7,horse
7381,4,deer
7382,9,truck
7383,4,deer
7384,5,dog
7385,9,truck
7386,5,dog
7387,1,automobile
7388,7,horse
7389,2,bird
7390,6,frog
7391,4,deer
7392,8,ship
7393,5,dog
7394,1,automobile
7395,2,bird
7396,8,ship
7397,4,deer
7398,5,dog
7399,3,cat
7400,3,cat
7401,3,cat
7402,0,airplane
7403,4,deer
7404,8,ship
7405,7,horse
7406,7,horse
7407,9,truck
7408,2,bird
7409,8,ship
7410,4,deer
7411,7,horse
7412,9,truck
7413,1,automobile
7414,8,ship
7415,3,cat
7416,1,automobile
7417,3,cat
7418,8,ship
7419,5,dog
7420,3,cat
7421,5,dog
7422,4,deer
7423,6,frog
7424,9,truck
7425,2,bird
7426,7,horse
7427,2,bird
7428,0,airplane
7429,5,dog
7430,2,bird
7431,9,truck
7432,7,horse
7433,5,dog
7434,0,airplane
7435,7,horse
7436,0,airplane
7437,3,cat
7438,5,dog
7439,5,dog
7440,3,cat
7441,8,ship
7442,7,horse
7443,7,horse
7444,9,truck
7445,6,frog
7446,5,dog
7447,8,ship
7448,9,truck
7449,0,airplane
7450,1,automobile
7451,9,truck
7452,4,deer
7453,0,airplane
7454,0,airplane
7455,9,truck
7456,7,horse
7457,2,bird
7458,2,bird
7459,8,ship
7460,2,bird
7461,9,truck
7462,8,ship
7463,2,bird
7464,8,ship
7465,0,airplane
7466,6,frog
7467,8,ship
7468,8,ship
7469,6,frog
7470,9,truck
7471,6,frog
7472,1,automobile
7473,1,automobile
7474,5,dog
7475,3,cat
7476,5,dog
7477,0,airplane
7478,7,horse
7479,6,frog
7480,1,automobile
7481,4,deer
7482,4,deer
7483,1,automobile
7484,1,automobile
7485,8,ship
7486,1,automobile
7487,1,automobile
7488,2,bird
7489,3,cat
7490,4,deer
7491,9,truck
7492,9,truck
7493,5,dog
7494,2,bird
7495,7,horse
7496,3,cat
7497,3,cat
7498,7,horse
7499,1,automobile
7500,6,frog
7501,9,truck
7502,8,ship
7503,8,ship
7504,6,frog
7505,7,horse
7506,4,deer
7507,7,horse
7508,4,deer
7509,5,dog
7510,8,ship
7511,0,airplane
7512,9,truck
7513,0,airplane
7514,7,horse
7515,8,ship
7516,1,automobile
7517,2,bird
7518,3,cat
7519,2,bird
7520,4,deer
7521,2,bird
7522,9,truck
7523,0,airplane
7524,8,ship
7525,8,ship
7526,9,truck
7527,6,frog
7528,5,dog
7529,5,dog
7530,2,bird
7531,7,horse
7532,1,automobile
7533,0,airplane
7534,6,frog
7535,1,automobile
7536,8,ship
7537,4,deer
7538,5,dog
7539,5,dog
7540,5,dog
7541,0,airplane
7542,8,ship
7543,9,truck
7544,0,airplane
7545,3,cat
7546,7,horse
7547,9,truck
7548,6,frog
7549,3,cat
7550,4,deer
7551,6,frog
7552,4,deer
7553,9,truck
7554,7,horse
7555,1,automobile
7556,2,bird
7557,5,dog
7558,2,bird
7559,1,automobile
7560,0,airplane
7561,6,frog
7562,2,bird
7563,9,truck
7564,8,ship
7565,1,automobile
7566,9,truck
7567,7,horse
7568,7,horse
7569,3,cat
7570,1,automobile
7571,4,deer
7572,1,automobile
7573,1,automobile
7574,3,cat
7575,8,ship
7576,8,ship
7577,1,automobile
7578,9,truck
7579,3,cat
7580,8,ship
7581,9,truck
7582,5,dog
7583,1,automobile
7584,1,automobile
7585,6,frog
7586,2,bird
7587,7,horse
7588,2,bird
7589,6,frog
7590,4,deer
7591,6,frog
7592,9,truck
7593,6,frog
7594,0,airplane
7595,1,automobile
7596,3,cat
7597,9,truck
7598,3,cat
7599,8,ship
7600,8,ship
7601,8,ship
7602,2,bird
7603,9,truck
7604,1,automobile
7605,2,bird
7606,6,frog
7607,0,airplane
7608,5,dog
7609,0,airplane
7610,7,horse
7611,7,horse
7612,7,horse
7613,9,truck
7614,4,deer
7615,5,dog
7616,0,airplane
7617,2,bird
7618,3,cat
7619,2,bird
7620,5,dog
7621,8,ship
7622,9,truck
7623,1,automobile
7624,2,bird
7625,7,horse
7626,1,automobile
7627,3,cat
7628,4,deer
7629,6,frog
7630,9,truck
7631,1,automobile
7632,0,airplane
7633,7,horse
7634,1,automobile
7635,9,truck
7636,5,dog
7637,8,ship
7638,1,automobile
7639,9,truck
7640,9,truck
7641,7,horse
7642,9,truck
7643,8,ship
7644,5,dog
7645,0,airplane
7646,2,bird
7647,6,frog
7648,0,airplane
7649,2,bird
7650,2,bird
7651,4,deer
7652,0,airplane
7653,8,ship
7654,4,deer
7655,8,ship
7656,1,automobile
7657,7,horse
7658,7,horse
7659,2,bird
7660,7,horse
7661,9,truck
7662,5,dog
7663,2,bird
7664,2,bird
7665,1,automobile
7666,2,bird
7667,6,frog
7668,5,dog
7669,7,horse
7670,2,bird
7671,5,dog
7672,6,frog
7673,5,dog
7674,1,automobile
7675,8,ship
7676,2,bird
7677,6,frog
7678,8,ship
7679,6,frog
7680,3,cat
7681,0,airplane
7682,8,ship
7683,0,airplane
7684,0,airplane
7685,9,truck
7686,8,ship
7687,7,horse
7688,8,ship
7689,0,airplane
7690,6,frog
7691,6,frog
7692,0,airplane
7693,7,horse
7694,9,truck
7695,8,ship
7696,0,airplane
7697,4,deer
7698,0,airplane
7699,9,truck
7700,6,frog
7701,0,airplane
7702,4,deer
7703,7,horse
7704,1,automobile
7705,7,horse
7706,8,ship
7707,8,ship
7708,2,bird
7709,5,dog
7710,9,truck
7711,6,frog
7712,5,dog
7713,5,dog
7714,3,cat
7715,1,automobile
7716,7,horse
7717,3,cat
7718,0,airplane
7719,2,bird
7720,5,dog
7721,2,bird
7722,7,horse
7723,3,cat
7724,8,ship
7725,4,deer
7726,4,deer
7727,6,frog
7728,1,automobile
7729,9,truck
7730,7,horse
7731,1,automobile
7732,7,horse
7733,0,airplane
7734,1,automobile
7735,4,deer
7736,3,cat
7737,0,airplane
7738,2,bird
7739,9,truck
7740,4,deer
7741,5,dog
7742,0,airplane
7743,3,cat
7744,4,deer
7745,7,horse
7746,2,bird
7747,5,dog
7748,0,airplane
7749,1,automobile
7750,3,cat
7751,7,horse
7752,9,truck
7753,9,truck
7754,0,airplane
7755,7,horse
7756,5,dog
7757,6,frog
7758,7,horse
7759,1,automobile
7760,2,bird
7761,5,dog
7762,7,horse
7763,4,deer
7764,6,frog
7765,8,ship
7766,4,deer
7767,9,truck
7768,8,ship
7769,7,horse
7770,9,truck
7771,7,horse
7772,3,cat
7773,2,bird
7774,0,airplane
7775,2,bird
7776,5,dog
7777,3,cat
7778,6,frog
7779,5,dog
7780,3,cat
7781,5,dog
7782,8,ship
7783,3,cat
7784,7,horse
7785,4,deer
7786,9,truck
7787,5,dog
7788,6,frog
7789,3,cat
7790,8,ship
7791,6,frog
7792,9,truck
7793,8,ship
7794,5,dog
7795,5,dog
7796,8,ship
7797,3,cat
7798,5,dog
7799,9,truck
7800,0,airplane
7801,2,bird
7802,2,bird
7803,0,airplane
7804,5,dog
7805,9,truck
7806,9,truck
7807,3,cat
7808,8,ship
7809,0,airplane
7810,6,frog
7811,0,airplane
7812,2,bird
7813,3,cat
7814,7,horse
7815,0,airplane
7816,0,airplane
7817,6,frog
7818,9,truck
7819,1,automobile
7820,5,dog
7821,2,bird
7822,2,bird
7823,7,horse
7824,1,automobile
7825,3,cat
7826,9,truck
7827,5,dog
7828,5,dog
7829,2,bird
7830,2,bird
7831,2,bird
7832,8,ship
7833,8,ship
7834,5,dog
7835,8,ship
7836,0,airplane
7837,7,horse
7838,0,airplane
7839,5,dog
7840,1,automobile
7841,6,frog
7842,5,dog
7843,0,airplane
7844,9,truck
7845,2,bird
7846,6,frog
7847,7,horse
7848,4,deer
7849,2,bird
7850,0,airplane
7851,0,airplane
7852,5,dog
7853,3,cat
7854,3,cat
7855,2,bird
7856,6,frog
7857,4,deer
7858,2,bird
7859,7,horse
7860,8,ship
7861,0,airplane
7862,1,automobile
7863,0,airplane
7864,1,automobile
7865,3,cat
7866,3,cat
7867,4,deer
7868,8,ship
7869,2,bird
7870,4,deer
7871,0,airplane
7872,9,truck
7873,1,automobile
7874,6,frog
7875,2,bird
7876,1,automobile
7877,0,airplane
7878,1,automobile
7879,3,cat
7880,0,airplane
7881,3,cat
7882,7,horse
7883,9,truck
7884,9,truck
7885,3,cat
7886,7,horse
7887,5,dog
7888,7,horse
7889,1,automobile
7890,6,frog
7891,6,frog
7892,9,truck
7893,1,automobile
7894,1,automobile
7895,4,deer
7896,2,bird
7897,2,bird
7898,1,automobile
7899,7,horse
7900,0,airplane
7901,1,automobile
7902,2,bird
7903,1,automobile
7904,1,automobile
7905,3,cat
7906,7,horse
7907,6,frog
7908,9,truck
7909,9,truck
7910,3,cat
7911,2,bird
7912,0,airplane
7913,9,truck
7914,7,horse
7915,3,cat
7916,4,deer
7917,6,frog
7918,4,deer
7919,6,frog
7920,9,truck
7921,7,horse
7922,8,ship
7923,9,truck
7924,3,cat
7925,0,airplane
7926,5,dog
7927,7,horse
7928,2,bird
7929,0,airplane
7930,2,bird
7931,9,truck
7932,9,truck
7933,3,cat
7934,8,ship
7935,7,horse
7936,1,automobile
7937,1,automobile
7938,2,bird
7939,2,bird
7940,2,bird
7941,4,deer
7942,9,truck
7943,1,automobile
7944,2,bird
7945,6,frog
7946,1,automobile
7947,2,bird
7948,9,truck
7949,8,ship
7950,9,truck
7951,2,bird
7952,3,cat
7953,1,automobile
7954,9,truck
7955,9,truck
7956,7,horse
7957,7,horse
7958,5,dog
7959,5,dog
7960,2,bird
7961,2,bird
7962,3,cat
7963,7,horse
7964,1,automobile
7965,7,horse
7966,7,horse
7967,9,truck
7968,8,ship
7969,6,frog
7970,3,cat
7971,5,dog
7972,5,dog
7973,1,automobile
7974,3,cat
7975,2,bird
7976,7,horse
7977,8,ship
7978,4,deer
7979,3,cat
7980,5,dog
7981,5,dog
7982,9,truck
7983,6,frog
7984,8,ship
7985,5,dog
7986,1,automobile
7987,0,airplane
7988,3,cat
7989,7,horse
7990,0,airplane
7991,9,truck
7992,6,frog
7993,2,bird
7994,0,airplane
7995,8,ship
7996,7,horse
7997,1,automobile
7998,2,bird
7999,2,bird
8000,9,truck
8001,1,automobile
8002,6,frog
8003,4,deer
8004,7,horse
8005,1,automobile
8006,1,automobile
8007,0,airplane
8008,0,airplane
8009,5,dog
8010,2,bird
8011,8,ship
8012,3,cat
8013,8,ship
8014,2,bird
8015,8,ship
8016,4,deer
8017,2,bird
8018,8,ship
8019,3,cat
8020,3,cat
8021,1,automobile
8022,2,bird
8023,3,cat
8024,0,airplane
8025,5,dog
8026,0,airplane
8027,7,horse
8028,1,automobile
8029,7,horse
8030,2,bird
8031,0,airplane
8032,1,automobile
8033,3,cat
8034,1,automobile
8035,9,truck
8036,6,frog
8037,1,automobile
8038,6,frog
8039,1,automobile
8040,2,bird
8041,8,ship
8042,7,horse
8043,0,airplane
8044,1,automobile
8045,5,dog
8046,0,airplane
8047,0,airplane
8048,0,airplane
8049,1,automobile
8050,7,horse
8051,9,truck
8052,7,horse
8053,1,automobile
8054,9,truck
8055,2,bird
8056,1,automobile
8057,9,truck
8058,7,horse
8059,3,cat
8060,6,frog
8061,0,airplane
8062,2,bird
8063,0,airplane
8064,0,airplane
8065,9,truck
8066,9,truck
8067,8,ship
8068,9,truck
8069,0,airplane
8070,5,dog
8071,5,dog
8072,3,cat
8073,0,airplane
8074,7,horse
8075,8,ship
8076,7,horse
8077,3,cat
8078,7,horse
8079,5,dog
8080,4,deer
8081,6,frog
8082,5,dog
8083,9,truck
8084,5,dog
8085,2,bird
8086,4,deer
8087,2,bird
8088,7,horse
8089,9,truck
8090,7,horse
8091,7,horse
8092,4,deer
8093,7,horse
8094,1,automobile
8095,2,bird
8096,3,cat
8097,1,automobile
8098,1,automobile
8099,3,cat
8100,6,frog
8101,8,ship
8102,3,cat
8103,7,horse
8104,7,horse
8105,0,airplane
8106,8,ship
8107,1,automobile
8108,5,dog
8109,2,bird
8110,5,dog
8111,5,dog
8112,3,cat
8113,6,frog
8114,3,cat
8115,5,dog
8116,9,truck
8117,8,ship
8118,0,airplane
8119,6,frog
8120,8,ship
8121,0,airplane
8122,4,deer
8123,1,automobile
8124,7,horse
8125,8,ship
8126,7,horse
8127,9,truck
8128,7,horse
8129,2,bird
8130,3,cat
8131,3,cat
8132,8,ship
8133,8,ship
8134,6,frog
8135,7,horse
8136,3,cat
8137,8,ship
8138,1,automobile
8139,1,automobile
8140,5,dog
8141,3,cat
8142,2,bird
8143,9,truck
8144,9,truck
8145,9,truck
8146,8,ship
8147,5,dog
8148,9,truck
8149,9,truck
8150,6,frog
8151,8,ship
8152,8,ship
8153,4,deer
8154,8,ship
8155,1,automobile
8156,2,bird
8157,1,automobile
8158,8,ship
8159,8,ship
8160,3,cat
8161,3,cat
8162,9,truck
8163,0,airplane
8164,6,frog
8165,1,automobile
8166,6,frog
8167,6,frog
8168,6,frog
8169,0,airplane
8170,5,dog
8171,8,ship
8172,3,cat
8173,5,dog
8174,4,deer
8175,3,cat
8176,6,frog
8177,8,ship
8178,9,truck
8179,4,deer
8180,4,deer
8181,3,cat
8182,8,ship
8183,3,cat
8184,6,frog
8185,0,airplane
8186,8,ship
8187,5,dog
8188,7,horse
8189,8,ship
8190,4,deer
8191,6,frog
8192,5,dog
8193,3,cat
8194,1,automobile
8195,8,ship
8196,3,cat
8197,0,airplane
8198,4,deer
8199,4,deer
8200,5,dog
8201,3,cat
8202,5,dog
8203,3,cat
8204,3,cat
8205,7,horse
8206,7,horse
8207,7,horse
8208,8,ship
8209,2,bird
8210,0,airplane
8211,5,dog
8212,5,dog
8213,6,frog
8214,1,automobile
8215,1,automobile
8216,3,cat
8217,9,truck
8218,2,bird
8219,3,cat
8220,6,frog
8221,7,horse
8222,1,automobile
8223,8,ship
8224,3,cat
8225,9,truck
8226,8,ship
8227,7,horse
8228,8,ship
8229,8,ship
8230,0,airplane
8231,3,cat
8232,2,bird
8233,7,horse
8234,8,ship
8235,7,horse
8236,6,frog
8237,7,horse
8238,1,automobile
8239,8,ship
8240,7,horse
8241,3,cat
8242,5,dog
8243,4,deer
8244,4,deer
8245,3,cat
8246,8,ship
8247,6,frog
8248,1,automobile
8249,1,automobile
8250,6,frog
8251,3,cat
8252,2,bird
8253,2,bird
8254,8,ship
8255,9,truck
8256,8,ship
8257,3,cat
8258,3,cat
8259,8,ship
8260,1,automobile
8261,1,automobile
8262,0,airplane
8263,5,dog
8264,2,bird
8265,0,airplane
8266,5,dog
8267,0,airplane
8268,5,dog
8269,0,airplane
8270,6,frog
8271,3,cat
8272,9,truck
8273,6,frog
8274,6,frog
8275,5,dog
8276,9,truck
8277,4,deer
8278,8,ship
8279,3,cat
8280,4,deer
8281,3,cat
8282,1,automobile
8283,1,automobile
8284,2,bird
8285,9,truck
8286,7,horse
8287,8,ship
8288,5,dog
8289,5,dog
8290,8,ship
8291,6,frog
8292,8,ship
8293,0,airplane
8294,8,ship
8295,3,cat
8296,3,cat
8297,1,automobile
8298,3,cat
8299,3,cat
8300,5,dog
8301,5,dog
8302,3,cat
8303,8,ship
8304,1,automobile
8305,4,deer
8306,6,frog
8307,4,deer
8308,2,bird
8309,2,bird
8310,3,cat
8311,8,ship
8312,9,truck
8313,6,frog
8314,6,frog
8315,6,frog
8316,5,dog
8317,5,dog
8318,2,bird
8319,7,horse
8320,7,horse
8321,4,deer
8322,4,deer
8323,9,truck
8324,3,cat
8325,8,ship
8326,3,cat
8327,7,horse
8328,7,horse
8329,8,ship
8330,5,dog
8331,3,cat
8332,9,truck
8333,1,automobile
8334,6,frog
8335,7,horse
8336,3,cat
8337,3,cat
8338,3,cat
8339,8,ship
8340,5,dog
8341,6,frog
8342,1,automobile
8343,3,cat
8344,7,horse
8345,9,truck
8346,6,frog
8347,1,automobile
8348,6,frog
8349,4,deer
8350,9,truck
8351,0,airplane
8352,5,dog
8353,7,horse
8354,4,deer
8355,9,truck
8356,1,automobile
8357,8,ship
8358,0,airplane
8359,2,bird
8360,7,horse
8361,8,ship
8362,5,dog
8363,2,bird
8364,0,airplane
8365,6,frog
8366,1,automobile
8367,6,frog
8368,6,frog
8369,6,frog
8370,4,deer
8371,2,bird
8372,1,automobile
8373,8,ship
8374,4,deer
8375,4,deer
8376,7,horse
8377,8,ship
8378,5,dog
8379,8,ship
8380,9,truck
8381,4,deer
8382,3,cat
8383,2,bird
8384,3,cat
8385,1,automobile
8386,3,cat
8387,0,airplane
8388,1,automobile
8389,1,automobile
8390,1,automobile
8391,1,automobile
8392,6,frog
8393,8,ship
8394,7,horse
8395,1,automobile
8396,3,cat
8397,2,bird
8398,4,deer
8399,5,dog
8400,0,airplane
8401,3,cat
8402,0,airplane
8403,6,frog
8404,2,bird
8405,0,airplane
8406,9,truck
8407,8,ship
8408,6,frog
8409,8,ship
8410,5,dog
8411,8,ship
8412,2,bird
8413,9,truck
8414,6,frog
8415,0,airplane
8416,6,frog
8417,1,automobile
8418,8,ship
8419,7,horse
8420,3,cat
8421,2,bird
8422,2,bird
8423,2,bird
8424,5,dog
8425,2,bird
8426,9,truck
8427,2,bird
8428,5,dog
8429,4,deer
8430,9,truck
8431,8,ship
8432,5,dog
8433,3,cat
8434,9,truck
8435,3,cat
8436,5,dog
8437,7,horse
8438,1,automobile
8439,8,ship
8440,5,dog
8441,8,ship
8442,6,frog
8443,2,bird
8444,5,dog
8445,1,automobile
8446,3,cat
8447,0,airplane
8448,4,deer
8449,1,automobile
8450,9,truck
8451,5,dog
8452,4,deer
8453,9,truck
8454,2,bird
8455,1,automobile
8456,4,deer
8457,4,deer
8458,5,dog
8459,9,truck
8460,8,ship
8461,7,horse
8462,2,bird
8463,1,automobile
8464,6,frog
8465,9,truck
8466,7,horse
8467,3,cat
8468,6,frog
8469,5,dog
8470,8,ship
8471,0,airplane
8472,2,bird
8473,2,bird
8474,4,deer
8475,9,truck
8476,2,bird
8477,5,dog
8478,5,dog
8479,4,deer
8480,2,bird
8481,6,frog
8482,1,automobile
8483,0,airplane
8484,3,cat
8485,0,airplane
8486,7,horse
8487,4,deer
8488,9,truck
8489,1,automobile
8490,5,dog
8491,3,cat
8492,0,airplane
8493,2,bird
8494,1,automobile
8495,1,automobile
8496,0,airplane
8497,4,deer
8498,1,automobile
8499,9,truck
8500,4,deer
8501,8,ship
8502,1,automobile
8503,1,automobile
8504,1,automobile
8505,5,dog
8506,9,truck
8507,8,ship
8508,1,automobile
8509,6,frog
8510,7,horse
8511,2,bird
8512,9,truck
8513,9,truck
8514,7,horse
8515,8,ship
8516,8,ship
8517,1,automobile
8518,9,truck
8519,7,horse
8520,8,ship
8521,9,truck
8522,1,automobile
8523,6,frog
8524,6,frog
8525,3,cat
8526,7,horse
8527,1,automobile
8528,3,cat
8529,8,ship
8530,8,ship
8531,8,ship
8532,3,cat
8533,6,frog
8534,6,frog
8535,7,horse
8536,9,truck
8537,2,bird
8538,2,bird
8539,6,frog
8540,4,deer
8541,8,ship
8542,4,deer
8543,0,airplane
8544,6,frog
8545,3,cat
8546,8,ship
8547,6,frog
8548,3,cat
8549,1,automobile
8550,1,automobile
8551,8,ship
8552,6,frog
8553,7,horse
8554,0,airplane
8555,5,dog
8556,4,deer
8557,4,deer
8558,2,bird
8559,1,automobile
8560,7,horse
8561,8,ship
8562,2,bird
8563,0,airplane
8564,1,automobile
8565,7,horse
8566,4,deer
8567,8,ship
8568,7,horse
8569,2,bird
8570,6,frog
8571,7,horse
8572,0,airplane
8573,6,frog
8574,4,deer
8575,9,truck
8576,2,bird
8577,3,cat
8578,2,bird
8579,1,automobile
8580,3,cat
8581,8,ship
8582,6,frog
8583,8,ship
8584,1,automobile
8585,9,truck
8586,6,frog
8587,7,horse
8588,6,frog
8589,3,cat
8590,0,airplane
8591,6,frog
8592,0,airplane
8593,1,automobile
8594,3,cat
8595,1,automobile
8596,1,automobile
8597,5,dog
8598,5,dog
8599,4,deer
8600,3,cat
8601,3,cat
8602,8,ship
8603,1,automobile
8604,2,bird
8605,6,frog
8606,1,automobile
8607,8,ship
8608,0,airplane
8609,6,frog
8610,2,bird
8611,7,horse
8612,4,deer
8613,6,frog
8614,8,ship
8615,9,truck
8616,3,cat
8617,3,cat
8618,5,dog
8619,5,dog
8620,3,cat
8621,1,automobile
8622,4,deer
8623,1,automobile
8624,9,truck
8625,5,dog
8626,1,automobile
8627,7,horse
8628,7,horse
8629,7,horse
8630,5,dog
8631,2,bird
8632,3,cat
8633,3,cat
8634,6,frog
8635,2,bird
8636,6,frog
8637,4,deer
8638,0,airplane
8639,7,horse
8640,1,automobile
8641,7,horse
8642,3,cat
8643,0,airplane
8644,8,ship
8645,1,automobile
8646,7,horse
8647,4,deer
8648,1,automobile
8649,2,bird
8650,4,deer
8651,4,deer
8652,9,truck
8653,8,ship
8654,2,bird
8655,8,ship
8656,7,horse
8657,6,frog
8658,3,cat
8659,4,deer
8660,7,horse
8661,2,bird
8662,3,cat
8663,1,automobile
8664,5,dog
8665,3,cat
8666,0,airplane
8667,4,deer
8668,3,cat
8669,4,deer
8670,9,truck
8671,4,deer
8672,7,horse
8673,9,truck
8674,1,automobile
8675,7,horse
8676,8,ship
8677,3,cat
8678,1,automobile
8679,8,ship
8680,3,cat
8681,2,bird
8682,5,dog
8683,7,horse
8684,2,bird
8685,7,horse
8686,9,truck
8687,6,frog
8688,8,ship
8689,6,frog
8690,8,ship
8691,6,frog
8692,5,dog
8693,9,truck
8694,0,airplane
8695,4,deer
8696,8,ship
8697,5,dog
8698,6,frog
8699,4,deer
8700,3,cat
8701,8,ship
8702,0,airplane
8703,4,deer
8704,8,ship
8705,8,ship
8706,7,horse
8707,2,bird
8708,7,horse
8709,1,automobile
8710,7,horse
8711,4,deer
8712,1,automobile
8713,2,bird
8714,4,deer
8715,2,bird
8716,2,bird
8717,8,ship
8718,7,horse
8719,2,bird
8720,2,bird
8721,6,frog
8722,7,horse
8723,7,horse
8724,6,frog
8725,8,ship
8726,9,truck
8727,9,truck
8728,5,dog
8729,5,dog
8730,2,bird
8731,9,truck
8732,8,ship
8733,7,horse
8734,7,horse
8735,3,cat
8736,3,cat
8737,7,horse
8738,4,deer
8739,3,cat
8740,2,bird
8741,1,automobile
8742,9,truck
8743,0,airplane
8744,1,automobile
8745,3,cat
8746,3,cat
8747,2,bird
8748,6,frog
8749,3,cat
8750,9,truck
8751,1,automobile
8752,5,dog
8753,4,deer
8754,3,cat
8755,3,cat
8756,2,bird
8757,8,ship
8758,9,truck
8759,7,horse
8760,8,ship
8761,0,airplane
8762,8,ship
8763,9,truck
8764,1,automobile
8765,2,bird
8766,5,dog
8767,7,horse
8768,2,bird
8769,0,airplane
8770,6,frog
8771,6,frog
8772,1,automobile
8773,6,frog
8774,5,dog
8775,1,automobile
8776,5,dog
8777,0,airplane
8778,3,cat
8779,7,horse
8780,4,deer
8781,1,automobile
8782,2,bird
8783,6,frog
8784,4,deer
8785,0,airplane
8786,3,cat
8787,4,deer
8788,5,dog
8789,5,dog
8790,0,airplane
8791,6,frog
8792,3,cat
8793,7,horse
8794,5,dog
8795,0,airplane
8796,9,truck
8797,9,truck
8798,6,frog
8799,1,automobile
8800,2,bird
8801,4,deer
8802,3,cat
8803,5,dog
8804,2,bird
8805,9,truck
8806,3,cat
8807,6,frog
8808,3,cat
8809,8,ship
8810,2,bird
8811,1,automobile
8812,0,airplane
8813,1,automobile
8814,9,truck
8815,3,cat
8816,7,horse
8817,4,deer
8818,3,cat
8819,0,airplane
8820,2,bird
8821,7,horse
8822,3,cat
8823,4,deer
8824,3,cat
8825,0,airplane
8826,8,ship
8827,2,bird
8828,0,airplane
8829,0,airplane
8830,9,truck
8831,6,frog
8832,5,dog
8833,6,frog
8834,8,ship
8835,7,horse
8836,4,deer
8837,1,automobile
8838,8,ship
8839,1,automobile
8840,3,cat
8841,2,bird
8842,4,deer
8843,8,ship
8844,5,dog
8845,2,bird
8846,6,frog
8847,5,dog
8848,3,cat
8849,9,truck
8850,1,automobile
8851,0,airplane
8852,7,horse
8853,2,bird
8854,8,ship
8855,4,deer
8856,0,airplane
8857,0,airplane
8858,4,deer
8859,2,bird
8860,2,bird
8861,4,deer
8862,0,airplane
8863,5,dog
8864,9,truck
8865,7,horse
8866,1,automobile
8867,8,ship
8868,4,deer
8869,5,dog
8870,5,dog
8871,9,truck
8872,1,automobile
8873,5,dog
8874,7,horse
8875,8,ship
8876,0,airplane
8877,9,truck
8878,8,ship
8879,9,truck
8880,1,automobile
8881,6,frog
8882,3,cat
8883,8,ship
8884,0,airplane
8885,3,cat
8886,4,deer
8887,7,horse
8888,8,ship
8889,4,deer
8890,8,ship
8891,9,truck
8892,8,ship
8893,6,frog
8894,0,airplane
8895,0,airplane
8896,8,ship
8897,2,bird
8898,7,horse
8899,4,deer
8900,2,bird
8901,5,dog
8902,5,dog
8903,0,airplane
8904,5,dog
8905,8,ship
8906,4,deer
8907,1,automobile
8908,9,truck
8909,0,airplane
8910,1,automobile
8911,4,deer
8912,4,deer
8913,8,ship
8914,4,deer
8915,9,truck
8916,6,frog
8917,0,airplane
8918,7,horse
8919,7,horse
8920,6,frog
8921,8,ship
8922,9,truck
8923,6,frog
8924,4,deer
8925,0,airplane
8926,4,deer
8927,9,truck
8928,3,cat
8929,9,truck
8930,3,cat
8931,9,truck
8932,2,bird
8933,6,frog
8934,7,horse
8935,0,airplane
8936,9,truck
8937,7,horse
8938,1,automobile
8939,8,ship
8940,6,frog
8941,0,airplane
8942,6,frog
8943,4,deer
8944,7,horse
8945,1,automobile
8946,8,ship
8947,4,deer
8948,6,frog
8949,7,horse
8950,9,truck
8951,8,ship
8952,3,cat
8953,9,truck
8954,2,bird
8955,1,automobile
8956,2,bird
8957,7,horse
8958,2,bird
8959,1,automobile
8960,2,bird
8961,0,airplane
8962,5,dog
8963,6,frog
8964,0,airplane
8965,4,deer
8966,3,cat
8967,2,bird
8968,8,ship
8969,8,ship
8970,0,airplane
8971,6,frog
8972,1,automobile
8973,5,dog
8974,2,bird
8975,8,ship
8976,7,horse
8977,8,ship
8978,6,frog
8979,5,dog
8980,9,truck
8981,7,horse
8982,2,bird
8983,3,cat
8984,4,deer
8985,9,truck
8986,6,frog
8987,2,bird
8988,2,bird
8989,4,deer
8990,1,automobile
8991,9,truck
8992,5,dog
8993,0,airplane
8994,8,ship
8995,9,truck
8996,3,cat
8997,5,dog
8998,9,truck
8999,3,cat
9000,8,ship
9001,1,automobile
9002,2,bird
9003,3,cat
9004,7,horse
9005,5,dog
9006,6,frog
9007,2,bird
9008,0,airplane
9009,2,bird
9010,8,ship
9011,2,bird
9012,1,automobile
9013,7,horse
9014,7,horse
9015,8,ship
9016,1,automobile
9017,0,airplane
9018,8,ship
9019,9,truck
9020,7,horse
9021,0,airplane
9022,3,cat
9023,8,ship
9024,2,bird
9025,5,dog
9026,9,truck
9027,5,dog
9028,8,ship
9029,7,horse
9030,2,bird
9031,0,airplane
9032,9,truck
9033,2,bird
9034,2,bird
9035,4,deer
9036,7,horse
9037,9,truck
9038,2,bird
9039,2,bird
9040,2,bird
9041,5,dog
9042,1,automobile
9043,3,cat
9044,2,bird
9045,2,bird
9046,0,airplane
9047,4,deer
9048,0,airplane
9049,6,frog
9050,5,dog
9051,8,ship
9052,8,ship
9053,3,cat
9054,8,ship
9055,6,frog
9056,5,dog
9057,8,ship
9058,5,dog
9059,2,bird
9060,9,truck
9061,7,horse
9062,9,truck
9063,7,horse
9064,1,automobile
9065,2,bird
9066,1,automobile
9067,9,truck
9068,4,deer
9069,9,truck
9070,2,bird
9071,7,horse
9072,9,truck
9073,4,deer
9074,4,deer
9075,0,airplane
9076,6,frog
9077,2,bird
9078,4,deer
9079,1,automobile
9080,3,cat
9081,7,horse
9082,2,bird
9083,8,ship
9084,5,dog
9085,9,truck
9086,0,airplane
9087,3,cat
9088,2,bird
9089,3,cat
9090,2,bird
9091,7,horse
9092,6,frog
9093,3,cat
9094,2,bird
9095,5,dog
9096,9,truck
9097,0,airplane
9098,5,dog
9099,9,truck
9100,1,automobile
9101,8,ship
9102,7,horse
9103,3,cat
9104,4,deer
9105,0,airplane
9106,4,deer
9107,5,dog
9108,2,bird
9109,3,cat
9110,1,automobile
9111,0,airplane
9112,4,deer
9113,1,automobile
9114,8,ship
9115,8,ship
9116,4,deer
9117,9,truck
9118,4,deer
9119,4,deer
9120,3,cat
9121,3,cat
9122,9,truck
9123,2,bird
9124,0,airplane
9125,1,automobile
9126,1,automobile
9127,8,ship
9128,4,deer
9129,4,deer
9130,8,ship
9131,3,cat
9132,2,bird
9133,9,truck
9134,5,dog
9135,7,horse
9136,6,frog
9137,2,bird
9138,5,dog
9139,4,deer
9140,7,horse
9141,3,cat
9142,3,cat
9143,9,truck
9144,0,airplane
9145,9,truck
9146,5,dog
9147,1,automobile
9148,3,cat
9149,7,horse
9150,6,frog
9151,0,airplane
9152,4,deer
9153,2,bird
9154,2,bird
9155,5,dog
9156,6,frog
9157,3,cat
9158,8,ship
9159,9,truck
9160,3,cat
9161,6,frog
9162,1,automobile
9163,4,deer
9164,5,dog
9165,4,deer
9166,6,frog
9167,7,horse
9168,2,bird
9169,1,automobile
9170,0,airplane
9171,2,bird
9172,0,airplane
9173,4,deer
9174,9,truck
9175,8,ship
9176,8,ship
9177,9,truck
9178,1,automobile
9179,1,automobile
9180,5,dog
9181,0,airplane
9182,0,airplane
9183,8,ship
9184,7,horse
9185,1,automobile
9186,7,horse
9187,4,deer
9188,5,dog
9189,4,deer
9190,3,cat
9191,3,cat
9192,2,bird
9193,0,airplane
9194,6,frog
9195,6,frog
9196,2,bird
9197,1,automobile
9198,3,cat
9199,9,truck
9200,8,ship
9201,3,cat
9202,7,horse
9203,8,ship
9204,9,truck
9205,4,deer
9206,8,ship
9207,9,truck
9208,0,airplane
9209,1,automobile
9210,7,horse
9211,1,automobile
9212,6,frog
9213,2,bird
9214,9,truck
9215,5,dog
9216,2,bird
9217,9,truck
9218,2,bird
9219,9,truck
9220,8,ship
9221,7,horse
9222,7,horse
9223,1,automobile
9224,3,cat
9225,5,dog
9226,3,cat
9227,9,truck
9228,3,cat
9229,1,automobile
9230,2,bird
9231,7,horse
9232,1,automobile
9233,8,ship
9234,2,bird
9235,0,airplane
9236,9,truck
9237,7,horse
9238,9,truck
9239,8,ship
9240,8,ship
9241,6,frog
9242,7,horse
9243,3,cat
9244,7,horse
9245,1,automobile
9246,6,frog
9247,9,truck
9248,0,airplane
9249,9,truck
9250,3,cat
9251,6,frog
9252,7,horse
9253,2,bird
9254,7,horse
9255,3,cat
9256,0,airplane
9257,5,dog
9258,9,truck
9259,7,horse
9260,3,cat
9261,5,dog
9262,2,bird
9263,6,frog
9264,5,dog
9265,1,automobile
9266,8,ship
9267,2,bird
9268,7,horse
9269,5,dog
9270,9,truck
9271,0,airplane
9272,0,airplane
9273,0,airplane
9274,8,ship
9275,8,ship
9276,7,horse
9277,3,cat
9278,7,horse
9279,8,ship
9280,9,truck
9281,3,cat
9282,7,horse
9283,9,truck
9284,7,horse
9285,8,ship
9286,7,horse
9287,9,truck
9288,8,ship
9289,2,bird
9290,4,deer
9291,0,airplane
9292,3,cat
9293,7,horse
9294,6,frog
9295,3,cat
9296,8,ship
9297,2,bird
9298,1,automobile
9299,9,truck
9300,3,cat
9301,3,cat
9302,3,cat
9303,9,truck
9304,5,dog
9305,5,dog
9306,8,ship
9307,7,horse
9308,3,cat
9309,5,dog
9310,3,cat
9311,5,dog
9312,9,truck
9313,7,horse
9314,6,frog
9315,7,horse
9316,4,deer
9317,6,frog
9318,4,deer
9319,3,cat
9320,9,truck
9321,4,deer
9322,2,bird
9323,1,automobile
9324,9,truck
9325,6,frog
9326,0,airplane
9327,2,bird
9328,6,frog
9329,7,horse
9330,7,horse
9331,7,horse
9332,9,truck
9333,0,airplane
9334,7,horse
9335,4,deer
9336,3,cat
9337,5,dog
9338,3,cat
9339,1,automobile
9340,1,automobile
9341,2,bird
9342,6,frog
9343,8,ship
9344,2,bird
9345,9,truck
9346,7,horse
9347,8,ship
9348,5,dog
9349,9,truck
9350,6,frog
9351,9,truck
9352,1,automobile
9353,5,dog
9354,2,bird
9355,6,frog
9356,0,airplane
9357,9,truck
9358,2,bird
9359,6,frog
9360,5,dog
9361,8,ship
9362,9,truck
9363,5,dog
9364,5,dog
9365,6,frog
9366,2,bird
9367,9,truck
9368,1,automobile
9369,5,dog
9370,8,ship
9371,8,ship
9372,7,horse
9373,1,automobile
9374,7,horse
9375,3,cat
9376,5,dog
9377,4,deer
9378,9,truck
9379,7,horse
9380,3,cat
9381,7,horse
9382,9,truck
9383,9,truck
9384,7,horse
9385,7,horse
9386,2,bird
9387,1,automobile
9388,3,cat
9389,0,airplane
9390,7,horse
9391,9,truck
9392,0,airplane
9393,4,deer
9394,5,dog
9395,7,horse
9396,5,dog
9397,2,bird
9398,8,ship
9399,7,horse
9400,6,frog
9401,9,truck
9402,2,bird
9403,9,truck
9404,3,cat
9405,8,ship
9406,5,dog
9407,6,frog
9408,8,ship
9409,9,truck
9410,5,dog
9411,7,horse
9412,8,ship
9413,0,airplane
9414,5,dog
9415,0,airplane
9416,7,horse
9417,4,deer
9418,8,ship
9419,5,dog
9420,5,dog
9421,9,truck
9422,5,dog
9423,2,bird
9424,2,bird
9425,4,deer
9426,4,deer
9427,1,automobile
9428,7,horse
9429,7,horse
9430,6,frog
9431,3,cat
9432,1,automobile
9433,3,cat
9434,3,cat
9435,2,bird
9436,1,automobile
9437,3,cat
9438,7,horse
9439,0,airplane
9440,8,ship
9441,4,deer
9442,4,deer
9443,5,dog
9444,7,horse
9445,9,truck
9446,5,dog
9447,7,horse
9448,3,cat
9449,9,truck
9450,5,dog
9451,8,ship
9452,2,bird
9453,3,cat
9454,3,cat
9455,1,automobile
9456,6,frog
9457,1,automobile
9458,7,horse
9459,0,airplane
9460,3,cat
9461,4,deer
9462,2,bird
9463,9,truck
9464,4,deer
9465,5,dog
9466,8,ship
9467,7,horse
9468,7,horse
9469,0,airplane
9470,9,truck
9471,6,frog
9472,8,ship
9473,0,airplane
9474,8,ship
9475,2,bird
9476,8,ship
9477,5,dog
9478,7,horse
9479,7,horse
9480,2,bird
9481,2,bird
9482,2,bird
9483,0,airplane
9484,0,airplane
9485,7,horse
9486,4,deer
9487,1,automobile
9488,6,frog
9489,6,frog
9490,8,ship
9491,8,ship
9492,9,truck
9493,0,airplane
9494,9,truck
9495,2,bird
9496,1,automobile
9497,3,cat
9498,3,cat
9499,0,airplane
9500,9,truck
9501,6,frog
9502,2,bird
9503,2,bird
9504,0,airplane
9505,3,cat
9506,7,horse
9507,0,airplane
9508,8,ship
9509,4,deer
9510,1,automobile
9511,7,horse
9512,0,airplane
9513,3,cat
9514,5,dog
9515,0,airplane
9516,9,truck
9517,9,truck
9518,9,truck
9519,9,truck
9520,1,automobile
9521,2,bird
9522,2,bird
9523,5,dog
9524,4,deer
9525,2,bird
9526,9,truck
9527,6,frog
9528,0,airplane
9529,9,truck
9530,6,frog
9531,6,frog
9532,8,ship
9533,0,airplane
9534,6,frog
9535,9,truck
9536,4,deer
9537,6,frog
9538,8,ship
9539,0,airplane
9540,5,dog
9541,4,deer
9542,1,automobile
9543,2,bird
9544,0,airplane
9545,9,truck
9546,5,dog
9547,4,deer
9548,2,bird
9549,4,deer
9550,6,frog
9551,3,cat
9552,9,truck
9553,7,horse
9554,7,horse
9555,6,frog
9556,6,frog
9557,5,dog
9558,0,airplane
9559,1,automobile
9560,9,truck
9561,0,airplane
9562,3,cat
9563,1,automobile
9564,9,truck
9565,0,airplane
9566,9,truck
9567,7,horse
9568,8,ship
9569,6,frog
9570,7,horse
9571,5,dog
9572,8,ship
9573,2,bird
9574,4,deer
9575,5,dog
9576,3,cat
9577,0,airplane
9578,3,cat
9579,2,bird
9580,1,automobile
9581,7,horse
9582,5,dog
9583,9,truck
9584,3,cat
9585,4,deer
9586,5,dog
9587,5,dog
9588,1,automobile
9589,5,dog
9590,0,airplane
9591,1,automobile
9592,1,automobile
9593,1,automobile
9594,9,truck
9595,7,horse
9596,5,dog
9597,4,deer
9598,9,truck
9599,7,horse
9600,8,ship
9601,1,automobile
9602,0,airplane
9603,2,bird
9604,8,ship
9605,5,dog
9606,6,frog
9607,7,horse
9608,0,airplane
9609,1,automobile
9610,4,deer
9611,8,ship
9612,4,deer
9613,4,deer
9614,6,frog
9615,6,frog
9616,5,dog
9617,8,ship
9618,1,automobile
9619,8,ship
9620,4,deer
9621,3,cat
9622,5,dog
9623,9,truck
9624,2,bird
9625,0,airplane
9626,1,automobile
9627,4,deer
9628,9,truck
9629,1,automobile
9630,7,horse
9631,7,horse
9632,2,bird
9633,2,bird
9634,1,automobile
9635,7,horse
9636,6,frog
9637,5,dog
9638,2,bird
9639,2,bird
9640,5,dog
9641,6,frog
9642,0,airplane
9643,8,ship
9644,8,ship
9645,1,automobile
9646,5,dog
9647,3,cat
9648,3,cat
9649,5,dog
9650,8,ship
9651,7,horse
9652,5,dog
9653,6,frog
9654,5,dog
9655,8,ship
9656,0,airplane
9657,5,dog
9658,9,truck
9659,4,deer
9660,6,frog
9661,5,dog
9662,1,automobile
9663,1,automobile
9664,0,airplane
9665,3,cat
9666,3,cat
9667,9,truck
9668,4,deer
9669,8,ship
9670,1,automobile
9671,7,horse
9672,7,horse
9673,9,truck
9674,9,truck
9675,7,horse
9676,3,cat
9677,6,frog
9678,3,cat
9679,2,bird
9680,8,ship
9681,2,bird
9682,7,horse
9683,6,frog
9684,7,horse
9685,0,airplane
9686,2,bird
9687,1,automobile
9688,2,bird
9689,1,automobile
9690,4,deer
9691,2,bird
9692,1,automobile
9693,3,cat
9694,1,automobile
9695,0,airplane
9696,1,automobile
9697,8,ship
9698,7,horse
9699,0,airplane
9700,0,airplane
9701,4,deer
9702,7,horse
9703,4,deer
9704,2,bird
9705,4,deer
9706,9,truck
9707,5,dog
9708,9,truck
9709,8,ship
9710,7,horse
9711,4,deer
9712,5,dog
9713,8,ship
9714,1,automobile
9715,4,deer
9716,7,horse
9717,9,truck
9718,9,truck
9719,8,ship
9720,8,ship
9721,6,frog
9722,3,cat
9723,7,horse
9724,0,airplane
9725,8,ship
9726,9,truck
9727,6,frog
9728,2,bird
9729,4,deer
9730,3,cat
9731,2,bird
9732,9,truck
9733,7,horse
9734,7,horse
9735,6,frog
9736,8,ship
9737,5,dog
9738,6,frog
9739,1,automobile
9740,3,cat
9741,5,dog
9742,9,truck
9743,9,truck
9744,1,automobile
9745,3,cat
9746,2,bird
9747,0,airplane
9748,3,cat
9749,0,airplane
9750,2,bird
9751,0,airplane
9752,7,horse
9753,3,cat
9754,9,truck
9755,3,cat
9756,5,dog
9757,7,horse
9758,6,frog
9759,5,dog
9760,9,truck
9761,5,dog
9762,6,frog
9763,1,automobile
9764,2,bird
9765,4,deer
9766,0,airplane
9767,2,bird
9768,7,horse
9769,8,ship
9770,4,deer
9771,4,deer
9772,0,airplane
9773,9,truck
9774,5,dog
9775,9,truck
9776,0,airplane
9777,9,truck
9778,3,cat
9779,2,bird
9780,4,deer
9781,3,cat
9782,2,bird
9783,2,bird
9784,8,ship
9785,8,ship
9786,6,frog
9787,8,ship
9788,1,automobile
9789,6,frog
9790,8,ship
9791,9,truck
9792,1,automobile
9793,2,bird
9794,1,automobile
9795,4,deer
9796,9,truck
9797,1,automobile
9798,5,dog
9799,7,horse
9800,1,automobile
9801,6,frog
9802,0,airplane
9803,1,automobile
9804,5,dog
9805,2,bird
9806,8,ship
9807,1,automobile
9808,1,automobile
9809,5,dog
9810,8,ship
9811,1,automobile
9812,8,ship
9813,1,automobile
9814,8,ship
9815,5,dog
9816,1,automobile
9817,9,truck
9818,0,airplane
9819,3,cat
9820,0,airplane
9821,4,deer
9822,0,airplane
9823,5,dog
9824,1,automobile
9825,2,bird
9826,0,airplane
9827,4,deer
9828,9,truck
9829,5,dog
9830,1,automobile
9831,2,bird
9832,4,deer
9833,7,horse
9834,0,airplane
9835,7,horse
9836,2,bird
9837,4,deer
9838,5,dog
9839,3,cat
9840,7,horse
9841,0,airplane
9842,4,deer
9843,1,automobile
9844,5,dog
9845,9,truck
9846,8,ship
9847,0,airplane
9848,2,bird
9849,0,airplane
9850,7,horse
9851,6,frog
9852,0,airplane
9853,6,frog
9854,9,truck
9855,7,horse
9856,5,dog
9857,8,ship
9858,4,deer
9859,6,frog
9860,0,airplane
9861,6,frog
9862,2,bird
9863,3,cat
9864,8,ship
9865,1,automobile
9866,1,automobile
9867,8,ship
9868,9,truck
9869,7,horse
9870,2,bird
9871,9,truck
9872,0,airplane
9873,2,bird
9874,2,bird
9875,9,truck
9876,0,airplane
9877,2,bird
9878,5,dog
9879,7,horse
9880,7,horse
9881,1,automobile
9882,1,automobile
9883,1,automobile
9884,9,truck
9885,8,ship
9886,4,deer
9887,5,dog
9888,0,airplane
9889,8,ship
9890,0,airplane
9891,2,bird
9892,5,dog
9893,0,airplane
9894,1,automobile
9895,7,horse
9896,4,deer
9897,8,ship
9898,9,truck
9899,7,horse
9900,8,ship
9901,3,cat
9902,6,frog
9903,3,cat
9904,0,airplane
9905,1,automobile
9906,1,automobile
9907,1,automobile
9908,8,ship
9909,1,automobile
9910,7,horse
9911,4,deer
9912,0,airplane
9913,7,horse
9914,8,ship
9915,2,bird
9916,1,automobile
9917,2,bird
9918,5,dog
9919,4,deer
9920,6,frog
9921,0,airplane
9922,5,dog
9923,7,horse
9924,7,horse
9925,4,deer
9926,3,cat
9927,9,truck
9928,5,dog
9929,8,ship
9930,8,ship
9931,0,airplane
9932,8,ship
9933,7,horse
9934,7,horse
9935,1,automobile
9936,8,ship
9937,4,deer
9938,9,truck
9939,5,dog
9940,4,deer
9941,1,automobile
9942,7,horse
9943,7,horse
9944,7,horse
9945,7,horse
9946,0,airplane
9947,3,cat
9948,9,truck
9949,5,dog
9950,3,cat
9951,0,airplane
9952,5,dog
9953,7,horse
9954,0,airplane
9955,8,ship
9956,0,airplane
9957,0,airplane
9958,9,truck
9959,2,bird
9960,2,bird
9961,3,cat
9962,4,deer
9963,8,ship
9964,2,bird
9965,2,bird
9966,3,cat
9967,3,cat
9968,3,cat
9969,6,frog
9970,2,bird
9971,9,truck
9972,4,deer
9973,0,airplane
9974,1,automobile
9975,7,horse
9976,5,dog
9977,3,cat
9978,7,horse
9979,3,cat
9980,0,airplane
9981,4,deer
9982,2,bird
9983,0,airplane
9984,7,horse
9985,3,cat
9986,0,airplane
9987,0,airplane
9988,8,ship
9989,4,deer
9990,7,horse
9991,0,airplane
9992,3,cat
9993,5,dog
9994,3,cat
9995,4,deer
9996,5,dog
9997,5,dog
9998,0,airplane
9999,7,horse
